# x_m,y_m,w_tr_right_m,w_tr_left_m
-18.658000,16.188000,1.504742,1.504742
-18.658000,15.937954,1.337365,1.337365
-18.658000,15.687908,1.185129,1.185129
-18.658000,15.437862,1.036163,1.036163
-18.658000,15.187816,0.884340,0.884340
-18.658000,14.937770,0.766599,0.766599
-18.658000,14.687724,0.675634,0.675634
-18.658000,14.437678,0.595893,0.595893
-18.658000,14.187632,0.546670,0.546670
-18.658000,13.937586,0.508964,0.508964
-18.658000,13.687540,0.494000,0.494000
-18.658000,13.437494,0.512705,0.512705
-18.658000,13.187448,0.551000,0.551000
-18.658000,12.937402,0.599634,0.599634
-18.658000,12.687356,0.679375,0.679375
-18.658000,12.437310,0.770340,0.770340
-18.658000,12.187264,0.907257,0.907257
-18.658000,11.937218,1.048034,1.048034
-18.658000,11.687172,0.998104,0.998104
-18.658000,11.437126,0.861422,0.861422
-18.658000,11.187080,0.747657,0.747657
-18.658000,10.937034,0.660375,0.660375
-18.658000,10.686988,0.584375,0.584375
-18.658000,10.436942,0.535447,0.535447
-18.658000,10.186896,0.497741,0.497741
-18.658000,9.936850,0.494000,0.494000
-18.658000,9.686804,0.494000,0.494000
-18.658000,9.436758,0.494000,0.494000
-18.658000,9.186712,0.494000,0.494000
-18.658000,8.936666,0.494000,0.494000
-18.658000,8.686620,0.494000,0.494000
-18.658000,8.436574,0.494000,0.494000
-18.658000,8.186528,0.494000,0.494000
-18.658000,7.936482,0.494000,0.494000
-18.658000,7.686436,0.494000,0.494000
-18.658000,7.436390,0.494000,0.494000
-18.658000,7.186344,0.494000,0.494000
-18.658000,6.936298,0.494000,0.494000
-18.658000,6.686252,0.494000,0.494000
-18.658000,6.436206,0.494000,0.494000
-18.658000,6.186160,0.494000,0.494000
-18.658000,5.936114,0.494000,0.494000
-18.658000,5.686068,0.494000,0.494000
-18.658000,5.436022,0.494000,0.494000
-18.658000,5.185976,0.494000,0.494000
-18.658000,4.935930,0.494000,0.494000
-18.658000,4.685884,0.494000,0.494000
-18.658000,4.435838,0.494000,0.494000
-18.658000,4.185792,0.494000,0.494000
-18.658000,3.935746,0.494000,0.494000
-18.658000,3.685700,0.494000,0.494000
-18.658000,3.435654,0.494000,0.494000
-18.658000,3.185608,0.516741,0.516741
-18.658000,2.935562,0.551000,0.551000
-18.658000,2.685516,0.592152,0.592152
-18.658000,2.435470,0.645116,0.645116
-18.658000,2.185424,0.698375,0.698375
-18.658000,1.935378,0.762857,0.762857
-18.658000,1.685332,0.842599,0.842599
-18.658000,1.435286,0.929763,0.929763
-18.658000,1.185240,1.020786,1.020786
-18.658000,0.935194,1.127009,1.127009
-18.508258,0.817739,1.051304,1.051304
-18.260051,0.787470,0.857740,0.857740
-18.011843,0.757200,0.664116,0.664116
-17.763636,0.726931,0.470611,0.470611
-17.515429,0.696662,0.284823,0.284823
-17.267222,0.666393,0.102482,0.102482
-17.019015,0.636124,0.000000,0.000000
-16.770808,0.605855,0.000000,0.000000
-16.522601,0.575585,0.094941,0.094941
-16.306153,0.506458,0.227941,0.227941
-16.227081,0.269243,0.094941,0.094941
-16.151535,0.159039,0.053200,0.053200
-16.085743,0.400274,0.281141,0.281141
-16.019952,0.641509,0.509082,0.509082
-15.954161,0.882745,0.718200,0.718200
-15.792289,1.027645,0.839741,0.839741
-15.607597,0.866198,0.824600,0.824600
-15.412758,0.709806,0.843011,0.843011
-15.211753,0.562753,0.834822,0.834822
-15.009072,0.417536,0.853822,0.853822
-14.799814,0.301180,0.853822,0.853822
-14.581430,0.186477,0.876563,0.876563
-14.349749,0.100700,0.891822,0.891822
-14.108784,0.039541,0.895563,0.895563
-13.868567,-0.028858,0.899599,0.899599
-13.621811,-0.067688,0.893000,0.893000
-13.378896,-0.092104,0.893000,0.893000
-13.140900,-0.077983,0.893000,0.893000
-12.922300,-0.029256,0.888670,0.888670
-12.676537,-0.075337,0.893000,0.893000
-12.439355,-0.075162,0.893000,0.893000
-12.207633,-0.016592,0.862188,0.862188
-11.972872,-0.094521,0.893000,0.893000
-11.740324,-0.049549,0.885223,0.885223
-11.494807,-0.059733,0.885223,0.885223
-11.264534,-0.095000,0.893000,0.893000
-11.044754,-0.017502,0.858447,0.858447
-10.829456,-0.059792,0.881482,0.881482
-10.586312,-0.079719,0.900482,0.900482
-10.341059,-0.057000,0.926964,0.926964
-10.092894,-0.038000,0.950000,0.950000
-9.869718,0.000000,0.964670,0.964670
-9.621553,0.019000,0.994304,0.994304
-9.375344,0.050164,1.006116,1.006116
-9.134187,0.076000,1.036045,1.036045
-8.888627,0.095000,1.066563,1.066563
-8.640920,0.114000,1.097375,1.097375
-8.395438,0.133641,1.121000,1.121000
-8.154147,0.160713,1.140000,1.140000
-7.906718,0.190000,1.169634,1.169634
-7.660534,0.227411,1.180268,1.180268
-7.422096,0.247000,1.211081,1.211081
-7.174089,0.267582,1.241009,1.241009
-6.928471,0.291529,1.271527,1.271527
-6.685153,0.319769,1.286492,1.286492
-6.437418,0.342895,1.317009,1.317009
-6.190802,0.368399,1.349000,1.349000
-5.943473,0.390088,1.359634,1.359634
-5.697302,0.418540,1.389268,1.389268
-5.449284,0.438239,1.388974,1.388974
-5.208945,0.418000,1.335715,1.335715
-4.963493,0.380749,1.305433,1.305433
-4.723022,0.356504,1.252233,1.252233
-4.478644,0.306274,1.244750,1.244750
-4.232240,0.266000,1.206750,1.206750
-3.992403,0.228000,1.172786,1.172786
-3.747069,0.195767,1.138527,1.138527
-3.499615,0.171000,1.085268,1.085268
-3.259542,0.123708,1.058786,1.058786
-3.012708,0.084118,1.059375,1.059375
-2.764684,0.057000,1.029741,1.029741
-2.523644,0.045822,1.026000,1.026000
-2.283620,0.056276,1.026000,1.026000
-2.045751,0.050650,1.026000,1.026000
-1.807881,0.045024,1.026000,1.026000
-1.570011,0.039398,1.026000,1.026000
-1.330284,0.047642,1.026000,1.026000
-1.090611,0.055478,1.026000,1.026000
-0.852742,0.049852,1.026000,1.026000
-0.614872,0.044226,1.026000,1.026000
-0.377002,0.038600,1.026000,1.026000
-0.136924,0.049462,1.026000,1.026000
0.102398,0.054680,1.026000,1.026000
0.340267,0.049053,1.026000,1.026000
0.578137,0.043427,1.026000,1.026000
0.816094,0.038453,1.026000,1.026000
1.056435,0.051282,1.026000,1.026000
1.295407,0.053881,1.026000,1.026000
1.533276,0.048255,1.026000,1.026000
1.771146,0.042629,1.026000,1.026000
2.009454,0.040273,1.026000,1.026000
2.249795,0.053102,1.026000,1.026000
2.488416,0.053083,1.026000,1.026000
2.722131,0.059566,1.033482,1.033482
2.952924,0.140924,1.002375,1.002375
3.182981,0.234992,0.982963,0.982963
3.419213,0.313107,1.059081,1.059081
3.655228,0.395076,1.116375,1.116375
3.898470,0.437000,1.237092,1.237092
4.144452,0.472181,1.351268,1.351268
4.367431,0.584694,1.355304,1.355304
4.579803,0.716202,1.267492,1.267492
4.789509,0.757600,1.316892,1.316892
4.854198,0.980037,1.161386,1.161386
4.999691,1.182485,1.101647,1.101647
5.134830,1.391830,1.044765,1.044765
5.219526,1.611782,0.982963,0.982963
5.297915,1.846997,0.929763,0.929763
5.394087,2.077809,0.952857,0.952857
5.490258,2.308620,0.999223,0.999223
5.535786,2.550085,1.007000,1.007000
5.546648,2.799895,1.002964,1.002964
5.547579,3.046340,0.986645,0.986645
5.605000,3.283591,0.952563,0.952563
5.605000,3.533637,0.869081,0.869081
5.664438,3.775894,0.834822,0.834822
5.719924,4.019646,0.804540,0.804540
5.758314,4.266512,0.747599,0.747599
5.803637,4.492062,0.709599,0.709599
5.946217,4.695870,0.618752,0.618752
5.878493,4.936521,0.618634,0.618634
5.935503,5.159719,0.577188,0.577188
6.076482,5.366094,0.512764,0.512764
6.154304,5.598895,0.554152,0.554152
6.188088,5.846648,0.653541,0.653541
6.221873,6.094401,0.835234,0.835234
6.249923,6.342453,0.918304,0.918304
6.242113,6.592377,0.721470,0.721470
6.234303,6.842301,0.554505,0.554505
6.160909,7.077181,0.535447,0.535447
6.001236,7.262145,0.546729,0.546729
5.826418,7.437228,0.523811,0.523811
5.730605,7.638738,0.596246,0.596246
5.760693,7.886967,0.766599,0.766599
5.790781,8.135196,0.873705,0.873705
5.884216,8.365504,0.961282,0.961282
5.999619,8.587277,1.059493,1.059493
6.107239,8.812301,1.187751,1.187751
6.225786,9.032459,1.359045,1.359045
6.338169,9.244056,1.564599,1.564599
6.566563,9.345025,1.614705,1.614705
6.805569,9.327471,1.603188,1.603188
6.999594,9.183917,1.488599,1.488599
7.145420,8.981320,1.328527,1.328527
7.206065,8.738740,1.104268,1.104268
7.258000,8.495088,0.937952,0.937952
7.331323,8.256708,0.813141,0.813141
7.391968,8.014128,0.683823,0.683823
7.432486,7.768743,0.592152,0.592152
7.447169,7.519129,0.561634,0.561634
7.309583,7.315013,0.497211,0.497211
7.174528,7.105445,0.527964,0.527964
7.035921,7.081079,0.379705,0.379705
6.859112,7.257888,0.190000,0.190000
6.682303,7.434697,0.000000,0.000000
6.505494,7.611506,0.026600,0.026600
6.337817,7.441019,0.159600,0.159600
6.170545,7.255162,0.414141,0.414141
6.003274,7.069304,0.627000,0.627000
5.836002,6.883446,0.456000,0.456000
5.668730,6.697588,0.330247,0.330247
5.501458,6.511731,0.387188,0.387188
5.334186,6.325873,0.551000,0.551000
5.107835,6.304041,0.570000,0.570000
4.867834,6.297542,0.570000,0.570000
4.627832,6.291042,0.570000,0.570000
4.387436,6.294812,0.570000,0.570000
4.146860,6.303287,0.570000,0.570000
3.906538,6.305115,0.570000,0.570000
3.666537,6.298616,0.570000,0.570000
3.426535,6.292116,0.570000,0.570000
3.186234,6.293411,0.570000,0.570000
2.945658,6.301886,0.570000,0.570000
2.705241,6.306190,0.570000,0.570000
2.465240,6.299690,0.570000,0.570000
2.225238,6.293190,0.570000,0.570000
1.985032,6.292011,0.570000,0.570000
1.744455,6.300485,0.570000,0.570000
1.503944,6.307264,0.570000,0.570000
1.263942,6.300764,0.570000,0.570000
1.023941,6.294265,0.570000,0.570000
0.783830,6.290610,0.570000,0.570000
0.542111,6.350444,0.558188,0.558188
0.318464,6.462268,0.543046,0.543046
0.096338,6.574997,0.611800,0.611800
-0.124065,6.693032,0.691600,0.691600
-0.350973,6.796986,0.759941,0.759941
-0.572076,6.913446,0.839741,0.839741
-0.797494,7.021134,0.919541,0.919541
-1.020331,7.117382,1.010800,1.010800
-1.219349,6.969651,1.250200,1.250200
-1.396158,6.792842,1.083000,1.083000
-1.572968,6.616032,0.893000,0.893000
-1.749777,6.439223,0.722000,0.722000
-1.926586,6.262414,0.551000,0.551000
-2.103395,6.085605,0.361000,0.361000
-2.280205,5.908795,0.190000,0.190000
-2.498701,5.826363,0.000000,0.000000
-2.748477,5.814745,0.000000,0.000000
-2.998253,5.803128,0.228000,0.228000
-3.173000,5.719890,0.399000,0.399000
-3.165663,5.470301,0.399000,0.399000
-3.083986,5.240225,0.345388,0.345388
-2.968078,5.018863,0.436411,0.436411
-2.860575,4.793107,0.645705,0.645705
-2.734578,4.577578,0.836000,0.836000
-2.557768,4.400768,1.007000,1.007000
-2.380959,4.223959,1.197000,1.197000
-2.204150,4.047150,1.368000,1.368000
-2.034820,3.863245,1.539000,1.539000
-1.867548,3.677387,1.710000,1.710000
-1.700276,3.491529,1.892223,1.892223
-1.480943,3.401000,2.014000,2.014000
-1.230897,3.401000,2.014000,2.014000
-0.980851,3.401000,2.014000,2.014000
-0.730805,3.401000,2.014000,2.014000
-0.480759,3.401000,2.014000,2.014000
-0.230713,3.401000,2.014000,2.014000
0.015609,3.389805,2.013705,2.013705
0.254982,3.384204,2.014000,2.014000
0.492852,3.389830,2.014000,2.014000
0.730722,3.395456,2.014000,2.014000
0.968628,3.400814,2.014000,2.014000
1.208969,3.387984,2.014000,2.014000
1.447991,3.385002,2.014000,2.014000
1.685861,3.390628,2.014000,2.014000
1.923731,3.396254,1.996208,1.996208
2.161987,3.398994,1.852161,1.852161
2.348441,3.264118,1.635679,1.635679
2.400198,3.399986,1.722844,1.722844
2.537741,3.584806,1.743081,1.743081
2.740561,3.730993,1.579268,1.579268
2.944137,3.875425,1.404056,1.404056
3.145786,4.022524,1.267492,1.267492
3.348133,4.169381,1.138468,1.138468
3.544850,4.323464,1.013245,1.013245
3.748273,4.468867,0.876563,0.876563
3.949911,4.616735,0.743857,0.743857
4.151549,4.764603,0.603375,0.603375
4.355734,4.908640,0.474411,0.474411
4.556518,5.055014,0.333929,0.333929
4.763095,5.195730,0.193564,0.193564
4.965874,5.340699,0.068341,0.068341
5.181550,5.328087,0.000000,0.000000
5.408419,5.222952,0.094941,0.094941
5.635288,5.117818,0.345388,0.345388
5.862158,5.012683,0.584375,0.584375
6.089027,4.907548,0.421447,0.421447
6.315897,4.802414,0.266000,0.266000
6.542766,4.697279,0.186200,0.186200
6.659357,4.526715,0.076000,0.076000
6.637380,4.277637,0.000000,0.000000
6.615402,4.028558,0.133000,0.133000
6.739067,3.987034,0.171000,0.171000
6.759294,3.747007,0.000000,0.000000
6.773977,3.497392,0.019000,0.019000
6.705612,3.325000,0.171000,0.171000
6.650000,3.168566,0.019000,0.019000
6.650000,2.918520,0.000000,0.000000
6.679526,2.698000,0.171000,0.171000
6.778560,2.551495,0.019000,0.019000
6.770987,2.301564,0.000000,0.000000
6.763623,2.052000,0.171000,0.171000
6.640187,1.973007,0.095000,0.095000
6.663526,1.724053,0.000000,0.000000
6.686866,1.475098,0.114000,0.114000
6.579742,1.383015,0.076000,0.076000
6.526625,1.138676,0.000000,0.000000
6.610863,0.983534,0.038000,0.038000
6.785652,0.919955,0.000000,0.000000
6.706580,0.682741,0.000000,0.000000
6.682056,0.439444,0.102482,0.102482
6.688000,0.189695,0.205023,0.205023
6.688000,-0.060351,0.330188,0.330188
6.686995,-0.310391,0.466929,0.466929
6.683946,-0.560418,0.619164,0.619164
6.680897,-0.810446,0.786541,0.786541
6.677848,-1.060473,0.961282,0.961282
6.674799,-1.310501,1.136024,1.136024
6.671750,-1.560528,1.318542,1.318542
6.693557,-1.786000,1.485093,1.485093
6.943603,-1.786000,1.336127,1.336127
7.193649,-1.786000,1.184304,1.184304
7.443695,-1.786000,1.039845,1.039845
7.693741,-1.786000,0.929763,0.929763
7.943787,-1.786000,0.819681,0.819681
8.193833,-1.786000,0.728599,0.728599
8.443879,-1.786000,0.660375,0.660375
8.693925,-1.786000,0.592152,0.592152
8.943971,-1.786000,0.550705,0.550705
9.194017,-1.786000,0.513000,0.513000
9.444063,-1.786000,0.494000,0.494000
9.694109,-1.786000,0.494000,0.494000
9.944155,-1.786000,0.494000,0.494000
10.194201,-1.786000,0.494000,0.494000
10.444247,-1.786000,0.494000,0.494000
10.694293,-1.786000,0.494000,0.494000
10.944339,-1.786000,0.494000,0.494000
11.194385,-1.786000,0.494000,0.494000
11.444431,-1.786000,0.494000,0.494000
11.694477,-1.786000,0.494000,0.494000
11.944523,-1.786000,0.494000,0.494000
12.194569,-1.786000,0.494000,0.494000
12.444615,-1.786000,0.494000,0.494000
12.694661,-1.786000,0.494000,0.494000
12.944707,-1.786000,0.494000,0.494000
13.194753,-1.786000,0.494000,0.494000
13.444799,-1.786000,0.494000,0.494000
13.694845,-1.786000,0.494000,0.494000
13.944891,-1.786000,0.494000,0.494000
14.194937,-1.786000,0.494000,0.494000
14.444983,-1.786000,0.494000,0.494000
14.695029,-1.786000,0.494000,0.494000
14.945075,-1.786000,0.494000,0.494000
15.195121,-1.786000,0.494000,0.494000
15.445167,-1.786000,0.494000,0.494000
15.695213,-1.786000,0.494000,0.494000
15.945259,-1.786000,0.494000,0.494000
16.195305,-1.786000,0.494000,0.494000
16.445351,-1.786000,0.494000,0.494000
16.695397,-1.786000,0.494000,0.494000
16.945443,-1.786000,0.494000,0.494000
17.195489,-1.786000,0.531705,0.531705
17.445535,-1.786000,0.577188,0.577188
17.695581,-1.786000,0.641375,0.641375
17.945627,-1.786000,0.728599,0.728599
17.907291,-1.550103,0.500893,0.500893
17.857723,-1.305019,0.269447,0.269447
17.808156,-1.059936,0.026600,0.026600
17.758588,-0.814852,0.000000,0.000000
17.709021,-0.569768,0.136682,0.136682
17.659453,-0.324684,0.371988,0.371988
17.601890,-0.083890,0.585200,0.585200
17.425081,0.092919,0.824600,0.824600
17.248272,0.269728,1.064000,1.064000
17.071463,0.446537,1.330001,1.330001
16.903873,0.631595,1.544420,1.544420
16.712883,0.791847,1.627903,1.627903
16.508604,0.936044,1.563420,1.563420
16.295177,1.065680,1.495315,1.495315
16.069351,1.172838,1.541975,1.541975
15.832177,1.144933,1.556704,1.556704
15.609340,1.032707,1.529279,1.529279
15.382652,0.927326,1.564009,1.564009
15.159004,0.815502,1.633116,1.633116
14.932471,0.717059,1.683223,1.683223
14.693816,0.755577,1.663929,1.663929
14.465121,0.855127,1.613822,1.613822
14.246972,0.974617,1.540974,1.540974
14.094598,1.165805,1.415515,1.415515
13.991271,1.391459,1.302575,1.302575
13.879447,1.615107,1.200683,1.200683
13.767623,1.838754,1.138881,1.138881
13.655799,2.062402,1.104268,1.104268
13.536611,2.281777,1.119645,1.119645
13.440528,2.511945,1.093045,1.093045
13.327994,2.727208,1.070127,1.070127
13.149686,2.899693,1.028857,1.028857
12.952363,3.052319,0.895798,0.895798
12.730488,3.163256,0.771400,0.771400
12.506840,3.275080,0.706329,0.706329
12.279933,3.379034,0.721411,0.721411
12.053013,3.477000,0.779000,0.779000
11.823629,3.403814,0.736670,0.736670
11.600224,3.293655,0.690775,0.690775
11.375981,3.183703,0.759941,0.759941
11.153901,3.068950,0.865516,0.865516
10.943226,2.938151,1.005822,1.005822
10.773496,3.096504,0.919541,0.919541
10.596687,3.273313,0.680141,0.680141
10.419878,3.450122,0.414141,0.414141
10.236275,3.613235,0.186200,0.186200
9.988522,3.647020,0.000000,0.000000
9.740769,3.680804,0.000000,0.000000
9.493016,3.714589,0.163223,0.163223
9.430239,3.894433,0.318788,0.318788
9.485143,4.138190,0.425600,0.425600
9.538000,4.381157,0.547141,0.547141
9.608653,4.568832,0.626941,0.626941
9.839440,4.653976,0.565552,0.565552
10.063182,4.765591,0.535270,0.535270
10.301552,4.840586,0.497152,0.497152
10.543213,4.904152,0.470611,0.470611
10.783462,4.952352,0.456000,0.456000
11.022567,4.969142,0.437000,0.437000
11.266667,4.993267,0.418000,0.418000
11.505369,4.992684,0.418000,0.418000
11.745710,4.979855,0.418000,0.418000
11.983937,4.982813,0.418000,0.418000
12.221807,4.988439,0.418000,0.418000
12.459676,4.994065,0.418000,0.418000
12.698728,4.990864,0.418000,0.418000
12.939070,4.978035,0.418000,0.418000
13.176946,4.983611,0.418000,0.418000
13.414816,4.989237,0.418000,0.418000
13.652685,4.994863,0.418000,0.418000
13.892088,4.989044,0.402270,0.402270
14.043830,4.810907,0.185964,0.185964
14.089910,4.565144,0.000000,0.000000
14.135991,4.319381,0.000000,0.000000
14.024463,4.150626,0.000000,0.000000
13.802267,4.035944,0.026600,0.026600
13.580071,3.921262,0.261905,0.261905
13.762890,4.040843,0.057000,0.057000
13.973092,4.176261,0.000000,0.000000
14.183294,4.311680,0.000000,0.000000
14.393496,4.447098,0.019000,0.019000
14.603698,4.582517,0.094941,0.094941
14.813900,4.717935,0.227705,0.227705
15.024102,4.853354,0.406482,0.406482
15.234303,4.988772,0.608000,0.608000
15.444505,5.124191,0.824482,0.824482
15.500692,5.313401,0.912000,0.912000
15.413206,5.547624,0.872822,0.872822
15.291118,5.749441,0.853822,0.853822
15.071334,5.868592,0.729246,0.729246
14.847787,5.980606,0.638400,0.638400
14.620879,6.084560,0.577011,0.577011
14.397231,6.196384,0.569234,0.569234
14.157158,6.261968,0.584670,0.584670
13.918968,6.302516,0.570000,0.570000
13.678627,6.289686,0.570000,0.570000
13.440625,6.294325,0.570000,0.570000
13.202755,6.299951,0.570000,0.570000
12.964886,6.305577,0.570000,0.570000
12.725609,6.300696,0.570000,0.570000
12.485486,6.289497,0.570000,0.570000
12.247616,6.295123,0.570000,0.570000
12.009746,6.300749,0.570000,0.570000
11.771877,6.306375,0.570000,0.570000
11.532249,6.298875,0.570000,0.570000
11.292477,6.290295,0.570000,0.570000
11.054607,6.295921,0.570000,0.570000
10.816737,6.301547,0.570000,0.570000
10.578868,6.307174,0.570000,0.570000
10.338889,6.297055,0.570000,0.570000
10.099468,6.291094,0.570000,0.570000
9.861598,6.296720,0.570000,0.570000
9.623728,6.302346,0.570000,0.570000
9.385859,6.307972,0.570000,0.570000
9.145530,6.295235,0.570000,0.570000
8.906459,6.291892,0.570000,0.570000
8.668589,6.297518,0.570000,0.570000
8.430719,6.303144,0.570000,0.570000
8.192511,6.306244,0.570000,0.570000
7.964466,6.298244,0.570000,0.570000
8.052263,6.532369,0.342000,0.342000
8.140060,6.766494,0.114000,0.114000
8.227857,7.000620,0.000000,0.000000
8.332632,7.221514,0.057000,0.057000
8.538217,7.363843,0.163223,0.163223
8.751506,7.494218,0.318788,0.318788
8.956822,7.636881,0.413729,0.413729
9.164872,7.775582,0.542634,0.542634
9.371368,7.916558,0.664116,0.664116
9.576214,8.059950,0.789340,0.789340
9.783079,8.200386,0.903163,0.903163
9.996097,8.330858,1.039786,1.039786
10.200799,8.474359,1.153609,1.153609
10.405644,8.617751,1.278833,1.278833
10.612753,8.757770,1.404056,1.404056
10.822749,8.893499,1.529279,1.529279
11.032238,9.029767,1.654502,1.654502
11.238697,9.170798,1.779726,1.779726
11.445751,9.310108,1.889808,1.889808
11.493977,9.490441,1.863208,1.863208
11.372544,9.709020,1.665961,1.665961
11.264776,9.934601,1.468715,1.468715
11.163307,10.163064,1.286492,1.286492
11.057923,10.389587,1.085268,1.085268
10.943241,10.611783,0.895563,0.895563
10.828559,10.833979,0.717375,0.717375
10.722260,11.060271,0.516152,0.516152
10.604840,11.280888,0.361000,0.361000
10.392602,11.411639,0.189882,0.189882
10.160900,11.499620,0.190000,0.190000
9.922588,11.497294,0.190000,0.190000
9.674656,11.514000,0.209000,0.209000
9.433892,11.523631,0.209000,0.209000
9.187290,11.533000,0.228000,0.228000
8.946982,11.541995,0.228000,0.228000
8.700430,11.552392,0.247000,0.247000
8.459888,11.559963,0.247000,0.247000
8.213016,11.571000,0.266000,0.266000
7.975049,11.577610,0.266000,0.266000
7.730143,11.590000,0.285000,0.285000
7.486454,11.590091,0.285000,0.285000
7.239500,11.609000,0.304000,0.304000
6.996679,11.620107,0.304000,0.304000
6.747914,11.628000,0.323000,0.323000
6.515181,11.647000,0.323000,0.323000
6.265135,11.647000,0.342000,0.342000
6.032401,11.666000,0.345741,0.345741
5.782355,11.666000,0.361000,0.361000
5.538038,11.668490,0.361000,0.361000
5.290025,11.685000,0.380000,0.380000
5.047153,11.688423,0.380000,0.380000
4.800785,11.704000,0.399000,0.399000
4.557936,11.658979,0.394670,0.394670
4.351590,11.543639,0.360529,0.360529
4.162755,11.384699,0.345800,0.345800
4.022152,11.177929,0.315105,0.315105
3.881548,10.971159,0.383447,0.383447
3.819550,10.736099,0.399000,0.399000
3.819000,10.486183,0.399000,0.399000
3.819000,10.236137,0.399000,0.399000
3.819000,9.986091,0.399000,0.399000
3.819000,9.736045,0.399000,0.399000
3.819000,9.485999,0.399000,0.399000
3.819000,9.235953,0.399000,0.399000
3.819000,8.985907,0.399000,0.399000
3.819000,8.735861,0.399000,0.399000
3.819000,8.485815,0.399000,0.399000
3.819000,8.235769,0.399000,0.399000
3.819000,7.985723,0.399000,0.399000
3.841780,7.744439,0.387482,0.387482
4.018451,7.570488,0.307741,0.307741
4.243431,7.462570,0.212800,0.212800
4.463457,7.344271,0.133000,0.133000
4.457342,7.323650,0.152000,0.152000
4.213514,7.379065,0.209000,0.209000
3.969686,7.434481,0.266000,0.266000
3.730569,7.473569,0.304000,0.304000
3.553760,7.296760,0.133000,0.133000
3.349978,7.239330,0.000000,0.000000
3.114328,7.322948,0.000000,0.000000
2.878678,7.406566,0.228000,0.228000
2.699452,7.579548,0.418000,0.418000
2.522643,7.756357,0.589000,0.589000
2.345834,7.933166,0.779000,0.779000
2.169024,8.109976,0.950000,0.950000
1.992215,8.286785,1.121000,1.121000
1.815406,8.463594,1.170400,1.170400
1.615450,8.533544,0.983788,0.983788
1.389231,8.427616,0.926081,0.926081
1.164358,8.318407,0.960340,0.960340
0.935277,8.218184,0.843423,0.843423
0.693114,8.258512,0.698964,0.698964
0.494259,8.405393,0.657223,0.657223
0.313836,8.578164,0.653541,0.653541
0.137027,8.754973,0.653541,0.653541
-0.039783,8.931783,0.653541,0.653541
-0.216592,9.108592,0.653541,0.653541
-0.398874,9.273716,0.668682,0.668682
-0.647893,9.296354,0.824600,0.824600
-0.896912,9.318992,0.956304,0.956304
-1.060891,9.455782,0.999341,0.999341
-1.172715,9.679430,0.945729,0.945729
-1.282878,9.903881,0.903163,0.903163
-1.388344,10.130584,0.949411,0.949411
-1.477483,10.358585,0.988000,0.988000
-1.468869,10.606474,0.988000,0.988000
-1.482000,10.854904,0.988000,0.988000
-1.482000,11.104950,0.988000,0.988000
-1.469828,11.349828,0.988000,0.988000
-1.476539,11.590224,0.988000,0.988000
-1.463000,11.829099,0.988000,0.988000
-1.485144,12.077575,1.007000,1.007000
-1.559312,12.314493,0.990563,0.990563
-1.675770,12.535763,0.937304,0.937304
-1.766624,12.766118,0.971504,0.971504
-1.767000,13.010069,1.120470,1.120470
-1.837147,13.235196,1.212142,1.212142
-1.971251,13.444877,1.123857,1.123857
-2.106585,13.655132,1.051304,1.051304
-2.292865,13.815243,0.991564,0.991564
-2.500813,13.951907,0.956775,0.956775
-2.708637,14.089132,1.013599,1.013599
-2.927187,14.207250,1.086447,1.086447
-3.164283,14.285821,1.121000,1.121000
-3.395115,14.237077,1.097964,1.097964
-3.607854,14.105764,1.006116,1.006116
-3.824875,13.983100,0.964140,0.964140
-4.032665,13.845835,0.984200,0.984200
-4.217036,13.681286,1.032481,1.032481
-4.365107,13.479844,1.108599,1.108599
-4.506766,13.273795,1.204188,1.204188
-4.617000,13.052323,1.169988,1.169988
-4.604000,12.802998,1.005881,1.005881
-4.682145,12.572296,0.956304,0.956304
-4.788000,12.346167,0.994599,0.994599
-4.825400,12.099117,0.983964,0.983964
-4.865216,11.852262,0.988000,0.988000
-4.883000,11.603641,1.007000,1.007000
-4.912443,11.356340,0.987705,0.987705
-4.913935,11.112805,0.972741,0.972741
-4.883000,10.867779,1.007000,1.007000
-4.951522,10.628174,0.964670,0.964670
-4.883000,10.393958,1.007000,1.007000
-4.886278,10.144003,1.007000,1.007000
-4.900148,9.894342,0.793081,0.793081
-4.811210,9.664289,0.668682,0.668682
-4.703593,9.445186,0.603375,0.603375
-4.606335,9.215673,0.672482,0.672482
-4.560851,8.983597,0.684000,0.684000
-4.646064,8.750888,0.634188,0.634188
-4.757570,8.528371,0.626529,0.626529
-4.840173,8.292363,0.736611,0.736611
-4.883000,8.049596,0.910822,0.910822
-4.883000,7.799550,1.007000,1.007000
-4.883000,7.549504,1.007000,1.007000
-4.883000,7.299458,1.007000,1.007000
-4.885306,7.049440,1.007000,1.007000
-4.891403,6.799468,1.007000,1.007000
-4.897500,6.549497,0.988000,0.988000
-4.920820,6.302268,1.006411,1.006411
-4.987075,6.061849,0.998045,0.998045
-5.098899,5.838201,0.971504,0.971504
-5.206837,5.612686,0.987057,0.987057
-5.314657,5.389963,1.025529,1.025529
-5.430040,5.168400,1.094282,1.094282
-5.540540,4.945012,1.203952,1.203952
-5.652409,4.721652,1.313209,1.313209
-5.760368,4.496938,1.445797,1.445797
-5.876970,4.276090,1.605161,1.605161
-5.901753,4.090876,1.686847,1.686847
-5.696464,3.949348,1.451542,1.451542
-5.781297,3.921216,1.470365,1.470365
-6.027941,3.962323,1.675801,1.675801
-6.271504,3.964165,1.825385,1.825385
-6.493536,3.881866,1.855608,1.855608
-6.719446,3.815506,1.848126,1.848126
-6.963008,3.765331,1.848067,1.848067
-7.204197,3.699451,1.836608,1.836608
-7.449376,3.650937,1.829126,1.829126
-7.693405,3.596544,1.817902,1.817902
-7.937525,3.542495,1.806385,1.806385
-8.174593,3.476344,1.806326,1.806326
-8.415479,3.415630,1.794867,1.794867
-8.658996,3.359054,1.791126,1.791126
-8.903678,3.307541,1.783644,1.783644
-9.146205,3.254898,1.776161,1.776161
-9.387076,3.197975,1.764644,1.764644
-9.619605,3.152599,1.745644,1.745644
-9.856712,3.082288,1.753126,1.753126
-10.096744,3.015135,1.749385,1.749385
-10.326488,2.962946,1.749385,1.749385
-10.556200,2.919180,1.719161,1.719161
-10.798028,2.870123,1.711385,1.711385
-11.023131,2.800321,1.717188,1.717188
-11.252126,2.818964,1.650938,1.650938
-11.479343,2.760036,1.643161,1.643161
-11.681559,2.689024,1.618447,1.618447
-11.920408,2.713227,1.571020,1.571020
-12.159025,2.693205,1.525715,1.525715
-12.403707,2.641693,1.514197,1.514197
-12.645232,2.616154,1.472397,1.472397
-12.881810,2.548908,1.470188,1.470188
-13.130834,2.559309,1.404056,1.404056
-13.378052,2.527000,1.377456,1.377456
-13.623613,2.508000,1.301750,1.301750
-13.864550,2.510258,1.191668,1.191668
-14.108192,2.560596,1.105741,1.105741
-14.316600,2.548628,0.949823,0.949823
-14.496665,2.375335,0.710423,0.710423
-14.487504,2.526986,0.816823,0.816823
-14.426859,2.769566,1.028386,1.028386
-14.479331,2.994663,0.872822,0.872822
-14.611754,3.206757,0.778764,0.778764
-14.740228,3.416228,0.736611,0.736611
-14.860422,3.633844,0.751634,0.751634
-14.956896,3.861858,0.801741,0.801741
-14.970819,4.100457,0.798000,0.798000
-14.967869,4.347689,0.798000,0.798000
-14.969180,4.592359,0.798000,0.798000
-14.953570,4.828848,0.798000,0.798000
-14.972000,5.070903,0.798000,0.798000
-14.953000,5.318610,0.798000,0.798000
-14.972000,5.566774,0.798000,0.798000
-14.970942,5.810825,0.798000,0.798000
-14.972000,6.050491,0.798000,0.798000
-14.953000,6.298198,0.798000,0.798000
-14.932504,6.539206,0.790223,0.790223
-14.826763,6.765793,0.721116,0.721116
-14.712185,6.987584,0.748482,0.748482
-14.633741,7.224036,0.865929,0.865929
-14.536886,7.446114,0.998045,0.998045
-14.394144,7.637198,1.142563,1.142563
-14.310044,7.872677,1.351857,1.351857
-14.220371,8.104629,1.580152,1.580152
-13.997969,8.202505,1.634000,1.634000
-13.750307,8.223673,1.615000,1.615000
-13.508248,8.242350,1.596000,1.596000
-13.266046,8.260391,1.577000,1.577000
-13.035457,8.284000,1.558000,1.558000
-12.804427,8.303225,1.539000,1.539000
-12.564815,8.317864,1.520000,1.520000
-12.322982,8.341000,1.501000,1.501000
-12.074286,8.360000,1.482000,1.482000
-11.825366,8.378079,1.462411,1.462411
-11.583077,8.395585,1.444000,1.444000
-11.340875,8.413625,1.424411,1.424411
-11.098673,8.431665,1.406000,1.406000
-10.859185,8.446969,1.386411,1.386411
-10.611154,8.474000,1.363964,1.363964
-10.364507,8.507928,1.359929,1.359929
-10.122547,8.569557,1.351563,1.351563
-9.884798,8.628367,1.343786,1.343786
-9.661788,8.703655,1.309233,1.309233
-9.432707,8.803878,1.290233,1.290233
-9.209095,8.910679,1.263692,1.263692
-8.989433,9.027340,1.275150,1.275150
-8.778326,9.157674,1.287022,1.287022
-8.563316,9.283011,1.307083,1.307083
-8.347256,9.408846,1.360283,1.360283
-8.117867,9.468874,1.485506,1.485506
-7.921161,9.423721,1.656565,1.656565
-8.090123,9.608044,1.405706,1.405706
-8.008522,9.817038,1.336952,1.336952
-7.845532,10.004276,1.358633,1.358633
-7.810170,10.251809,1.260009,1.260009
-7.683883,10.466675,1.278833,1.278833
-7.608109,10.702563,1.267492,1.267492
-7.528755,10.936867,1.286492,1.286492
-7.448078,11.171843,1.287964,1.287964
-7.394134,11.396668,1.227223,1.227223
-7.426842,11.643108,1.254000,1.254000
-7.366433,11.883837,1.223188,1.223188
-7.426481,12.116963,1.254000,1.254000
-7.437542,12.361494,1.254000,1.254000
-7.428782,12.603043,1.280188,1.280188
-7.543551,12.817978,1.282750,1.282750
-7.627920,13.051839,1.267492,1.267492
-7.739744,13.275487,1.248492,1.248492
-7.878747,13.482183,1.210492,1.210492
-8.046183,13.660789,1.184304,1.184304
-8.248921,13.806526,1.109424,1.109424
-8.466022,13.930584,1.010800,1.010800
-8.687045,14.047227,0.946141,0.946141
-8.905556,14.168071,0.907257,0.907257
-9.126594,14.281797,0.880657,0.880657
-9.351166,14.391526,0.834822,0.834822
-9.585032,14.479505,0.834822,0.834822
-9.829095,14.528548,0.816116,0.816116
-10.068912,14.592000,0.817000,0.817000
-10.314473,14.611000,0.790223,0.790223
-10.557462,14.621092,0.779000,0.779000
-10.806626,14.630000,0.779000,0.779000
-11.056672,14.630000,0.779000,0.779000
-11.306718,14.630000,0.779000,0.779000
-11.556764,14.630000,0.779000,0.779000
-11.806810,14.630000,0.779000,0.779000
-12.056856,14.630000,0.779000,0.779000
-12.305697,14.613845,0.760000,0.760000
-12.552976,14.576754,0.744447,0.744447
-12.786752,14.630000,0.779000,0.779000
-13.026473,14.586264,0.755964,0.755964
-13.261400,14.605120,0.771223,0.771223
-13.509232,14.630000,0.779000,0.779000
-13.751111,14.571683,0.751929,0.751929
-13.981849,14.623957,0.779000,0.779000
-14.230093,14.616558,0.760000,0.760000
-14.454402,14.558819,0.729188,0.729188
-14.689030,14.630000,0.779000,0.779000
-14.932522,14.602239,0.771223,0.771223
-15.170407,14.578116,0.736964,0.736964
-15.413186,14.630000,0.779000,0.779000
-15.660027,14.616365,0.786188,0.786188
-15.909815,14.627719,0.779000,0.779000
-16.157239,14.611646,0.760000,0.760000
-16.380849,14.507767,0.706152,0.706152
-16.593138,14.377479,0.676046,0.676046
-16.813844,14.353922,0.771400,0.771400
-16.873538,14.139951,0.759116,0.759116
-16.975878,13.918122,0.812964,0.812964
-16.920453,13.681565,0.760000,0.760000
-16.850926,13.441380,0.710188,0.710188
-16.781398,13.201195,0.702234,0.702234
-16.604009,13.028607,0.687505,0.687505
-16.385739,12.907411,0.706152,0.706152
-16.160759,12.798904,0.760000,0.760000
-15.913006,12.787000,0.779000,0.779000
-15.662960,12.787000,0.801447,0.801447
-15.412914,12.787000,0.779000,0.779000
-15.162868,12.787000,0.793964,0.793964
-14.912822,12.787000,0.786482,0.786482
-14.662776,12.787000,0.779000,0.779000
-14.412730,12.787000,0.812670,0.812670
-14.162684,12.787000,0.779000,0.779000
-13.912638,12.787000,0.786482,0.786482
-13.662592,12.787000,0.790223,0.790223
-13.412546,12.787000,0.779000,0.779000
-13.162500,12.787000,0.801447,0.801447
-12.912454,12.787000,0.779000,0.779000
-12.662460,12.788054,0.779000,0.779000
-12.429097,12.769223,0.789929,0.789929
-12.179733,12.787000,0.779000,0.779000
-11.933727,12.754182,0.752223,0.752223
-11.699741,12.745847,0.755964,0.755964
-11.457157,12.787000,0.779000,0.779000
-11.208286,12.770469,0.782447,0.782447
-10.964682,12.774915,0.760000,0.760000
-10.716974,12.779275,0.779000,0.779000
-10.487145,12.680777,0.702411,0.702411
-10.275887,12.547555,0.664588,0.664588
-10.079507,12.393944,0.698552,0.698552
-9.939011,12.189021,0.778411,0.778411
-9.849794,11.967244,0.836000,0.836000
-9.882135,11.719298,0.798000,0.798000
-9.962125,11.488875,0.763152,0.763152
-10.052196,11.276514,0.751752,0.751752
-9.898292,11.082192,0.600341,0.600341
-9.745835,10.929076,0.387541,0.387541
-9.989594,10.984793,0.592564,0.592564
-10.233353,11.040509,0.762799,0.762799
-10.473630,11.046284,0.706152,0.706152
-10.707295,10.957269,0.741000,0.741000
-10.950386,10.932253,0.779000,0.779000
-11.181125,10.982107,0.751929,0.751929
-11.423173,10.925000,0.779000,0.779000
-11.670992,10.950543,0.767482,0.767482
-11.906602,10.972085,0.755964,0.755964
-12.144144,10.925000,0.779000,0.779000
-12.379495,10.987248,0.744447,0.744447
-12.606571,10.948191,0.763741,0.763741
-12.854155,10.925000,0.779000,0.779000
-13.094920,10.991263,0.755670,0.755670
-13.330285,10.927572,0.779000,0.779000
-13.579811,10.929731,0.779000,0.779000
-13.829621,10.940592,0.782447,0.782447
-14.075107,10.925000,0.779000,0.779000
-14.315401,10.970956,0.755964,0.755964
-14.538057,10.958098,0.752223,0.752223
-14.784470,10.925000,0.779000,0.779000
-15.032488,10.938126,0.789929,0.789929
-15.282222,10.925639,0.779000,0.779000
-15.530227,10.945445,0.760000,0.760000
-15.760690,10.969840,0.763447,0.763447
-15.996738,10.887421,0.748482,0.748482
-16.230238,10.799381,0.698375,0.698375
-16.450025,10.680168,0.714105,0.714105
-16.654875,10.539105,0.778352,0.778352
-16.803605,10.344354,0.797116,0.797116
-16.928022,10.129445,0.888964,0.888964
-16.967000,9.886905,0.912000,0.912000
-16.960469,9.637155,0.912000,0.912000
-16.952489,9.387765,0.919188,0.919188
-16.962483,9.137919,0.912000,0.912000
-16.943462,8.891502,0.893000,0.893000
-16.910685,8.652102,0.881188,0.881188
-16.967000,8.410787,0.912000,0.912000
-16.967000,8.160741,0.912000,0.912000
-16.967000,7.910695,0.912000,0.912000
-16.951946,7.662817,0.893000,0.893000
-16.881392,7.422932,0.843188,0.843188
-16.942885,7.186383,0.893000,0.893000
-16.967000,6.939876,0.912000,0.912000
-16.967000,6.689830,0.912000,0.912000
-16.967000,6.439784,0.912000,0.912000
-16.967000,6.189738,0.912000,0.912000
-16.967000,5.939692,0.912000,0.912000
-16.967000,5.689646,0.912000,0.912000
-16.967000,5.439600,0.912000,0.912000
-16.967000,5.189554,0.912000,0.912000
-16.967000,4.939508,0.912000,0.912000
-16.967000,4.689462,0.912000,0.912000
-16.967000,4.439416,0.912000,0.912000
-16.967000,4.189370,0.912000,0.912000
-16.967000,3.939324,0.912000,0.912000
-16.967000,3.689278,0.912000,0.912000
-16.967000,3.439232,0.893000,0.893000
-16.916809,3.194851,0.888964,0.888964
-16.886512,2.947542,0.907375,0.907375
-16.821759,2.706035,0.888081,0.888081
-16.753197,2.471459,0.888081,0.888081
-16.657004,2.240675,0.872822,0.872822
-16.552199,2.017199,0.861422,0.861422
-16.411063,1.816594,0.842599,0.842599
-16.279619,1.608238,0.842599,0.842599
-16.123416,1.414888,0.847105,0.847105
-15.973388,1.214851,0.847105,0.847105
-15.945524,0.969728,0.798000,0.798000
-15.929630,0.720188,0.626941,0.626941
-15.913736,0.470647,0.444423,0.444423
-15.897841,0.221107,0.273364,0.273364
-15.881947,-0.028433,0.083482,0.083482
-15.866053,-0.277974,0.000000,0.000000
-15.850158,-0.527514,0.019000,0.019000
-15.834264,-0.777054,0.208705,0.208705
-15.818370,-1.026594,0.417411,0.417411
-15.802475,-1.276135,0.622375,0.622375
-15.786581,-1.525675,0.831140,0.831140
-15.770687,-1.775215,1.043527,1.043527
-15.530760,-1.786000,0.960045,0.960045
-15.280714,-1.786000,0.872822,0.872822
-15.030668,-1.786000,0.793081,0.793081
-14.780622,-1.786000,0.724857,0.724857
-14.530576,-1.786000,0.667857,0.667857
-14.280530,-1.786000,0.614893,0.614893
-14.030484,-1.786000,0.565964,0.565964
-13.780438,-1.786000,0.532000,0.532000
-13.530392,-1.786000,0.513000,0.513000
-13.280346,-1.786000,0.494000,0.494000
-13.030300,-1.786000,0.494000,0.494000
-12.780255,-1.786000,0.494000,0.494000
-12.530209,-1.786000,0.494000,0.494000
-12.280163,-1.786000,0.494000,0.494000
-12.030117,-1.786000,0.494000,0.494000
-11.780071,-1.786000,0.494000,0.494000
-11.530025,-1.786000,0.494000,0.494000
-11.279979,-1.786000,0.494000,0.494000
-11.029933,-1.786000,0.494000,0.494000
-10.779887,-1.786000,0.494000,0.494000
-10.529841,-1.786000,0.494000,0.494000
-10.279795,-1.786000,0.494000,0.494000
-10.029749,-1.786000,0.494000,0.494000
-9.779703,-1.786000,0.494000,0.494000
-9.529657,-1.786000,0.494000,0.494000
-9.279611,-1.786000,0.494000,0.494000
-9.029565,-1.786000,0.494000,0.494000
-8.779519,-1.786000,0.494000,0.494000
-8.529473,-1.786000,0.494000,0.494000
-8.279427,-1.786000,0.494000,0.494000
-8.029381,-1.786000,0.494000,0.494000
-7.779335,-1.786000,0.494000,0.494000
-7.529289,-1.786000,0.494000,0.494000
-7.279243,-1.786000,0.494000,0.494000
-7.029197,-1.786000,0.494000,0.494000
-6.779151,-1.786000,0.494000,0.494000
-6.529105,-1.786000,0.494000,0.494000
-6.279059,-1.786000,0.494000,0.494000
-6.029013,-1.786000,0.494000,0.494000
-5.778967,-1.786000,0.494000,0.494000
-5.528921,-1.786000,0.494000,0.494000
-5.278875,-1.786000,0.494000,0.494000
-5.028829,-1.786000,0.494000,0.494000
-4.778783,-1.786000,0.494000,0.494000
-4.528737,-1.786000,0.494000,0.494000
-4.278691,-1.786000,0.494000,0.494000
-4.028645,-1.786000,0.494000,0.494000
-3.778599,-1.786000,0.494000,0.494000
-3.528553,-1.786000,0.494000,0.494000
-3.278507,-1.786000,0.494000,0.494000
-3.028461,-1.786000,0.494000,0.494000
-2.778415,-1.786000,0.494000,0.494000
-2.528369,-1.786000,0.494000,0.494000
-2.278323,-1.786000,0.494000,0.494000
-2.028277,-1.786000,0.494000,0.494000
-1.778231,-1.786000,0.494000,0.494000
-1.528185,-1.786000,0.494000,0.494000
-1.278139,-1.786000,0.494000,0.494000
-1.028093,-1.786000,0.494000,0.494000
-0.778047,-1.786000,0.494000,0.494000
-0.528001,-1.786000,0.494000,0.494000
-0.277955,-1.786000,0.494000,0.494000
-0.027909,-1.786000,0.494000,0.494000
0.222137,-1.786000,0.494000,0.494000
0.472183,-1.786000,0.494000,0.494000
0.722229,-1.786000,0.494000,0.494000
0.972275,-1.786000,0.494000,0.494000
1.222321,-1.786000,0.494000,0.494000
1.472367,-1.786000,0.494000,0.494000
1.722413,-1.786000,0.494000,0.494000
1.972459,-1.786000,0.494000,0.494000
2.222505,-1.786000,0.494000,0.494000
2.472551,-1.786000,0.494000,0.494000
2.722597,-1.786000,0.494000,0.494000
2.972643,-1.786000,0.494000,0.494000
3.222689,-1.786000,0.494000,0.494000
3.472735,-1.786000,0.494000,0.494000
3.722781,-1.786000,0.494000,0.494000
3.972827,-1.786000,0.494000,0.494000
4.222873,-1.786000,0.520482,0.520482
4.472919,-1.786000,0.558482,0.558482
4.722965,-1.786000,0.614893,0.614893
4.973011,-1.786000,0.675634,0.675634
5.223057,-1.786000,0.759116,0.759116
5.321130,-1.653093,0.667857,0.667857
5.287810,-1.405277,0.432670,0.432670
5.254491,-1.157461,0.204964,0.204964
5.221171,-0.909645,0.000000,0.000000
5.187851,-0.661829,0.000000,0.000000
5.154531,-0.414013,0.189882,0.189882
5.121211,-0.166197,0.406364,0.406364
5.087892,0.081619,0.626116,0.626116
5.054572,0.329435,0.839741,0.839741
4.986348,0.565949,1.064000,1.064000
4.864175,0.784116,1.291942,1.291942
4.742002,1.002282,1.093045,1.093045
4.619829,1.220449,0.846281,0.846281
4.497655,1.438616,0.595834,0.595834
4.375482,1.656782,0.352929,0.352929
4.253309,1.874949,0.102482,0.102482
4.131135,2.093116,0.000000,0.000000
4.008962,2.311282,0.094941,0.094941
3.857626,2.507374,0.333929,0.333929
3.656816,2.649018,0.494000,0.494000
3.427734,2.749241,0.649152,0.649152
3.198653,2.849464,0.815999,0.815999
3.228589,2.939268,0.876563,0.876563
3.461576,3.030043,0.760000,0.760000
3.694563,3.120817,0.532000,0.532000
3.927550,3.211591,0.285000,0.285000
4.160538,3.302365,0.083482,0.083482
4.393525,3.393140,0.000000,0.000000
4.626512,3.483914,0.000000,0.000000
4.859499,3.574688,0.166964,0.166964
5.092486,3.665462,0.349188,0.349188
5.325474,3.756236,0.527493,0.527493
5.558461,3.847011,0.728599,0.728599
5.791448,3.937785,0.767188,0.767188
6.024435,4.028559,0.539188,0.539188
6.257422,4.119333,0.292482,0.292482
6.490410,4.210108,0.038000,0.038000
6.723397,4.300882,0.000000,0.000000
6.956384,4.391656,0.133000,0.133000
7.189371,4.482430,0.368482,0.368482
7.422359,4.573205,0.634188,0.634188
7.450357,4.776215,0.637634,0.637634
7.483782,5.022802,0.557893,0.557893
7.344684,5.225895,0.531411,0.531411
7.202834,5.430332,0.509082,0.509082
7.085896,5.651173,0.482070,0.482070
7.277202,5.630284,0.646000,0.646000
7.520209,5.571374,0.399000,0.399000
7.763216,5.512463,0.152000,0.152000
8.006224,5.453552,0.000000,0.000000
8.249231,5.394641,0.000000,0.000000
8.467750,5.279834,0.125223,0.125223
8.674682,5.140475,0.250447,0.250447
8.881872,5.001303,0.352929,0.352929
9.093426,4.868544,0.497152,0.497152
9.298807,4.727097,0.595834,0.595834
9.341517,4.496074,0.554093,0.554093
9.355989,4.246447,0.428870,0.428870
9.370460,3.996820,0.333929,0.333929
9.384931,3.747193,0.242964,0.242964
9.399402,3.497566,0.136682,0.136682
9.258039,3.357309,0.000000,0.000000
9.018361,3.286053,0.000000,0.000000
8.778683,3.214798,0.235305,0.235305
8.539005,3.143542,0.485752,0.485752
8.299327,3.072286,0.705916,0.705916
8.059649,3.001031,0.956304,0.956304
7.929337,3.156102,1.013245,1.013245
7.871584,3.399229,0.944904,0.944904
7.817530,3.643348,0.888022,0.888022
7.743790,3.868260,0.834822,0.834822
7.702683,4.114904,0.770340,0.770340
7.647497,4.357342,0.728599,0.728599
7.682822,4.176686,0.770340,0.770340
7.734471,3.932032,0.831081,0.831081
7.786120,3.687378,0.888022,0.888022
7.837769,3.442725,0.944904,0.944904
7.889418,3.198071,1.024704,1.024704
7.941067,2.953418,1.081527,1.081527
7.992716,2.708764,1.138468,1.138468
8.062426,2.475042,1.195351,1.195351
8.063756,2.227269,1.238741,1.238741
8.036178,1.988633,1.238447,1.238447
8.068519,1.740687,1.254000,1.254000
8.026151,1.498301,1.206809,1.206809
8.091804,1.263691,1.203009,1.203009
8.213618,1.046073,1.169634,1.169634
8.368309,0.850255,1.055045,1.055045
8.475049,0.647049,1.070952,1.070952
8.457066,0.527704,1.105329,1.105329
8.700208,0.469350,1.029211,1.029211
8.932092,0.385926,0.990563,0.990563
9.147755,0.261623,1.063411,1.063411
9.360798,0.154067,1.140000,1.140000
9.600523,0.159796,1.140000,1.140000
9.829643,0.259821,1.067152,1.067152
10.053322,0.369529,1.017045,1.017045
10.265898,0.498213,1.025529,1.025529
10.424857,0.614777,1.063588,1.063588
10.520061,0.383565,1.276801,1.276801
10.675495,0.192505,1.197000,1.197000
10.852304,0.015696,1.026000,1.026000
11.029113,-0.161113,0.855000,0.855000
11.205922,-0.337922,0.665000,0.665000
11.382732,-0.514732,0.494000,0.494000
11.559541,-0.691541,0.323000,0.323000
11.736350,-0.868350,0.133000,0.133000
11.966734,-0.936357,0.000000,0.000000
12.214680,-0.968697,0.038000,0.038000
12.392155,-0.793845,0.209000,0.209000
12.568964,-0.617036,0.399000,0.399000
12.745773,-0.440227,0.570000,0.570000
12.922582,-0.263418,0.741000,0.741000
13.099391,-0.086609,0.912000,0.912000
13.276201,0.090201,1.102000,1.102000
13.453010,0.267010,1.273000,1.273000
13.629819,0.443819,1.444000,1.444000
13.806628,0.620628,1.634000,1.634000
13.983438,0.797438,1.779726,1.779726
14.164805,0.969148,1.555938,1.555938
14.360251,1.125109,1.366527,1.366527
14.555696,1.281071,1.177116,1.177116
14.751142,1.437032,0.968705,0.968705
14.946587,1.592994,0.812964,0.812964
15.142033,1.748956,0.698375,0.698375
15.337479,1.904917,0.653129,0.653129
15.532924,2.060879,0.694870,0.694870
15.728370,2.216840,0.785599,0.785599
15.923815,2.372802,0.945670,0.945670
16.017000,2.584054,1.007000,1.007000
16.003834,2.832421,1.040375,1.040375
16.061266,3.075539,1.040081,1.040081
16.108780,3.321029,1.093457,1.093457
16.159100,3.565848,1.212142,1.212142
16.110300,3.788858,1.397929,1.397929
16.154288,3.872106,1.439375,1.439375
16.399778,3.824591,1.256327,1.256327
16.643464,3.790232,1.138527,1.138527
16.832323,3.950323,1.252233,1.252233
17.017154,4.110077,1.222599,1.222599
17.131504,4.303256,1.055045,1.055045
17.236900,4.529800,0.911352,0.911352
17.351325,4.751314,0.824188,0.824188
17.464126,4.974231,0.816116,0.816116
17.576851,5.196418,0.888964,0.888964
17.608416,5.441234,0.912000,0.912000
17.575341,5.686084,0.900188,0.900188
17.581121,5.930296,0.874000,0.874000
17.592243,6.179685,0.896741,0.896741
17.573522,6.412217,0.888964,0.888964
17.613000,6.653574,0.912000,0.912000
17.581523,6.896019,0.874000,0.874000
17.603185,7.145125,0.893000,0.893000
17.613000,7.394745,0.912000,0.912000
17.613000,7.644791,0.912000,0.912000
17.613000,7.894837,0.912000,0.912000
17.613000,8.144883,0.912000,0.912000
17.613000,8.394929,0.912000,0.912000
17.613000,8.644975,0.912000,0.912000
17.613000,8.895021,0.912000,0.912000
17.613000,9.145067,0.912000,0.912000
17.613000,9.395113,0.912000,0.912000
17.613000,9.645159,0.912000,0.912000
17.613000,9.895205,0.912000,0.912000
17.613000,10.145251,0.912000,0.912000
17.613000,10.395297,0.912000,0.912000
17.613000,10.645343,0.912000,0.912000
17.607570,10.895163,0.896741,0.896741
17.586156,11.144289,0.893000,0.893000
17.537000,11.387662,0.892705,0.892705
17.490382,11.633092,0.895563,0.895563
17.424319,11.869724,0.895563,0.895563
17.319597,12.095507,0.872822,0.872822
17.226061,12.324142,0.872822,0.872822
17.099969,12.540052,0.846281,0.846281
16.959409,12.746454,0.846281,0.846281
16.809382,12.946491,0.831552,0.831552
16.651920,13.140080,0.831964,0.831964
16.496450,13.333550,0.851200,0.851200
16.505734,13.445082,0.839741,0.839741
16.394555,13.522955,0.865929,0.865929
16.163126,13.617630,0.839741,0.839741
15.975973,13.767770,0.846281,0.846281
15.775320,13.916208,0.842599,0.842599
15.555198,14.032201,0.853822,0.853822
15.341949,14.158350,0.853822,0.853822
15.117894,14.261332,0.888022,0.888022
14.877303,14.329372,0.876563,0.876563
14.638704,14.403471,0.899893,0.899893
14.393885,14.450852,0.900482,0.900482
14.147025,14.486992,0.896741,0.896741
13.899270,14.506390,0.893000,0.893000
13.658080,14.493347,0.885223,0.885223
13.415671,14.478000,0.874000,0.874000
13.166982,14.459018,0.855000,0.855000
12.952053,14.371120,0.793670,0.793670
12.716434,14.438370,0.836000,0.836000
12.470707,14.410941,0.801741,0.801741
12.246571,14.342357,0.767188,0.767188
12.003867,14.402000,0.721882,0.721882
11.758565,14.397152,0.565552,0.565552
11.522557,14.479755,0.577482,0.577482
11.278745,14.514964,0.608000,0.608000
11.042963,14.441982,0.558188,0.558188
10.825200,14.319111,0.539364,0.539364
10.609068,14.193441,0.626116,0.626116
10.389392,14.075913,0.812670,0.812670
10.246372,13.912977,0.931000,0.931000
10.222000,13.664448,0.950000,0.950000
10.215470,13.415587,0.950000,0.950000
10.127673,13.181461,0.884929,0.884929
10.003535,13.023025,0.804599,0.804599
10.233299,12.927701,0.931000,0.931000
10.396674,12.745326,0.779000,0.779000
10.561532,12.558507,0.608000,0.608000
10.731133,12.374772,0.436705,0.436705
10.904398,12.194566,0.266000,0.266000
11.074073,12.010927,0.095000,0.095000
11.261119,12.094810,0.000000,0.000000
11.451247,12.257211,0.000000,0.000000
11.641376,12.419613,0.171000,0.171000
11.831504,12.582014,0.361000,0.361000
12.021632,12.744415,0.551000,0.551000
11.855182,12.920818,0.380000,0.380000
11.731331,13.133004,0.193564,0.193564
11.655741,13.364591,0.171000,0.171000
11.666946,13.609881,0.152000,0.152000
11.800013,13.738258,0.136741,0.136741
12.011257,13.604471,0.000000,0.000000
12.222501,13.470683,0.095000,0.095000
12.455515,13.427047,0.019000,0.019000
12.704534,13.449685,0.000000,0.000000
12.939000,13.485613,0.171000,0.171000
12.946257,13.364257,0.171000,0.171000
12.805844,13.161890,0.140482,0.140482
12.655039,12.962439,0.342000,0.342000
12.504234,12.762987,0.532000,0.532000
12.353430,12.563536,0.767188,0.767188
12.458506,12.341988,0.953741,0.953741
12.622097,12.153903,1.140000,1.140000
12.837371,12.042466,1.268964,1.268964
13.013718,11.896564,1.428447,1.428447
13.125542,11.672916,1.634000,1.634000
13.302060,11.500733,1.805000,1.805000
13.494836,11.341483,1.957000,1.957000
13.687612,11.182234,2.109000,2.109000
13.880388,11.022984,2.238878,2.238878
14.068926,10.952926,2.231278,2.231278
14.245735,11.129735,1.968401,1.968401
14.422545,11.306545,1.729001,1.729001
14.584646,11.468646,1.489601,1.489601
14.407837,11.291837,1.755601,1.755601
14.231028,11.115028,1.995001,1.995001
14.054219,10.938219,2.231278,2.231278
13.877409,10.761409,2.489324,2.489324
13.700600,10.584600,2.421278,2.421278
13.523791,10.407791,2.345690,2.345690
13.346982,10.230982,2.308869,2.308869
13.119416,10.212450,2.138635,2.138635
12.901159,10.090799,2.055566,2.055566
12.674514,9.985257,1.993763,1.993763
12.454053,9.867594,1.962244,1.962244
12.230887,9.758494,1.973644,1.973644
12.044546,9.658165,2.050233,2.050233
12.280454,9.741051,2.000126,2.000126
12.516363,9.823938,2.038361,2.038361
12.752271,9.906825,2.115304,2.115304
12.988180,9.989712,2.188566,2.188566
13.224088,10.072598,2.309694,2.309694
13.453233,10.125767,2.457010,2.457010
13.630043,9.948957,2.696409,2.696409
13.806852,9.772148,2.603000,2.603000
13.983661,9.595339,2.432000,2.432000
14.160470,9.418530,2.261000,2.261000
14.337279,9.241721,2.071000,2.071000
14.514089,9.064911,1.900000,1.900000
14.690898,8.888102,1.729000,1.729000
14.867707,8.711293,1.539000,1.539000
15.044516,8.534484,1.368000,1.368000
15.221325,8.357675,1.197000,1.197000
15.398135,8.180865,1.026000,1.026000
15.574944,8.004056,0.836000,0.836000
15.751753,7.827247,0.665000,0.665000
15.928562,7.650438,0.494000,0.494000
16.105372,7.473628,0.304000,0.304000
16.282181,7.296819,0.133000,0.133000
16.350108,7.056330,0.000000,0.000000
16.421665,6.821000,0.057000,0.057000
16.438102,6.768469,0.000000,0.000000
16.212126,6.661428,0.209000,0.209000
16.082991,6.458575,0.345741,0.345741
15.941392,6.270235,0.497447,0.497447
15.719508,6.157934,0.703000,0.703000
15.531887,5.993887,0.893000,0.893000
15.747358,6.062839,0.665000,0.665000
15.983591,6.144797,0.437000,0.437000
16.219824,6.226755,0.204964,0.204964
16.456147,6.308358,0.152000,0.152000
16.576426,6.198731,0.038000,0.038000
16.552340,5.949847,0.000000,0.000000
16.513793,5.710896,0.152000,0.152000
16.629342,5.681761,0.133000,0.133000
16.461676,5.496259,0.000000,0.000000
16.294010,5.310756,0.114000,0.114000
16.126345,5.125254,0.311188,0.311188
15.958679,4.939751,0.558188,0.558188
15.791013,4.754249,0.809046,0.809046
15.916623,4.568719,0.858152,0.858152
16.084254,4.383185,0.937599,0.937599
16.251885,4.197651,1.097670,1.097670
16.419516,4.012118,1.254000,1.254000
16.587148,3.826584,1.187751,1.187751
16.754779,3.641050,0.979045,0.979045
16.922410,3.455517,0.751340,0.751340
17.090042,3.269983,0.531411,0.531411
17.257673,3.084449,0.303647,0.303647
17.425304,2.898916,0.079741,0.079741
17.592936,2.713382,0.000000,0.000000
17.774500,2.549167,0.079741,0.079741
18.023618,2.560095,0.201341,0.201341
18.064622,2.403963,0.121482,0.121482
18.000987,2.162149,0.000000,0.000000
17.937352,1.920336,0.053200,0.053200
17.801271,1.718369,0.292188,0.292188
17.631127,1.535137,0.531588,0.531588
17.460983,1.351905,0.786129,0.786129
17.285662,1.173662,1.025529,1.025529
17.146244,1.024815,1.237092,1.237092
17.396054,1.013954,1.020786,1.020786
17.645864,1.003093,0.804540,0.804540
17.895674,0.992232,0.580634,0.580634
18.145484,0.981370,0.341705,0.341705
18.395294,0.970509,0.098741,0.098741
18.645104,0.959648,0.000000,0.000000
18.894914,0.948786,0.095000,0.095000
19.144724,0.937925,0.353223,0.353223
19.304000,0.840381,0.494000,0.494000
19.304000,0.815665,0.494000,0.494000
19.304000,1.065711,0.524223,0.524223
19.304000,1.315757,0.569705,0.569705
19.304000,1.565803,0.626116,0.626116
19.304000,1.815849,0.721057,0.721057
19.304000,2.065895,0.827457,0.827457
19.304000,2.315941,0.956363,0.956363
19.304000,2.565987,1.093457,1.093457
19.304000,2.816033,0.944904,0.944904
19.304000,3.066079,0.819681,0.819681
19.304000,3.316125,0.705857,0.705857
19.304000,3.566171,0.622375,0.622375
19.304000,3.816217,0.565964,0.565964
19.304000,4.066263,0.520482,0.520482
19.304000,4.316309,0.494000,0.494000
19.304000,4.566355,0.494000,0.494000
19.304000,4.816401,0.494000,0.494000
19.304000,5.066447,0.494000,0.494000
19.304000,5.316493,0.494000,0.494000
19.304000,5.566539,0.494000,0.494000
19.304000,5.816585,0.494000,0.494000
19.304000,6.066631,0.494000,0.494000
19.304000,6.316677,0.494000,0.494000
19.304000,6.566723,0.494000,0.494000
19.304000,6.816769,0.494000,0.494000
19.304000,7.066815,0.494000,0.494000
19.304000,7.316861,0.494000,0.494000
19.304000,7.566907,0.494000,0.494000
19.304000,7.816953,0.494000,0.494000
19.304000,8.066999,0.494000,0.494000
19.304000,8.317045,0.494000,0.494000
19.304000,8.567091,0.494000,0.494000
19.304000,8.817137,0.494000,0.494000
19.304000,9.067183,0.494000,0.494000
19.304000,9.317229,0.494000,0.494000
19.304000,9.567275,0.494000,0.494000
19.304000,9.817321,0.494000,0.494000
19.304000,10.067367,0.494000,0.494000
19.304000,10.317413,0.494000,0.494000
19.304000,10.567459,0.494000,0.494000
19.304000,10.817505,0.494000,0.494000
19.304000,11.067551,0.512705,0.512705
19.304000,11.317597,0.532000,0.532000
19.304000,11.567643,0.562223,0.562223
19.304000,11.817689,0.611152,0.611152
19.304000,12.067735,0.664116,0.664116
19.304000,12.317781,0.724857,0.724857
19.304000,12.567827,0.789340,0.789340
19.166229,12.742734,0.724857,0.724857
18.956012,12.878128,0.580634,0.580634
18.745794,13.013522,0.444011,0.444011
18.535577,13.148917,0.318788,0.318788
18.325359,13.284311,0.185964,0.185964
18.115142,13.419705,0.079741,0.079741
17.904925,13.555099,0.000000,0.000000
17.694707,13.690494,0.000000,0.000000
17.484490,13.825888,0.000000,0.000000
17.274272,13.961282,0.000000,0.000000
17.064055,14.096677,0.019000,0.019000
17.030739,14.343621,0.000000,0.000000
16.999170,14.591666,0.026600,0.026600
16.967600,14.839711,0.201341,0.201341
16.936031,15.087756,0.371988,0.371988
16.904462,15.335801,0.565552,0.565552
16.872892,15.583846,0.747657,0.747657
16.841323,15.831891,0.937304,0.937304
16.809754,16.079936,1.138468,1.138468
16.654889,16.188000,1.165068,1.165068
16.404843,16.188000,1.043527,1.043527
16.154797,16.188000,0.944904,0.944904
15.904751,16.188000,0.861422,0.861422
15.654705,16.188000,0.785599,0.785599
15.404659,16.188000,0.709599,0.709599
15.154613,16.188000,0.656929,0.656929
14.904567,16.188000,0.599634,0.599634
14.654521,16.188000,0.551000,0.551000
14.404475,16.188000,0.524223,0.524223
14.154429,16.188000,0.497741,0.497741
13.904383,16.188000,0.494000,0.494000
13.654337,16.188000,0.505223,0.505223
13.404291,16.188000,0.535741,0.535741
13.154245,16.188000,0.558482,0.558482
12.904199,16.188000,0.589000,0.589000
12.654153,16.188000,0.622964,0.622964
12.404107,16.188000,0.645705,0.645705
12.154061,16.188000,0.672482,0.672482
11.904015,16.188000,0.703000,0.703000
11.653969,16.188000,0.725741,0.725741
11.403923,16.188000,0.760000,0.760000
11.153877,16.188000,0.779000,0.779000
10.903831,16.188000,0.812964,0.812964
10.653785,16.188000,0.839741,0.839741
10.403739,16.188000,0.862482,0.862482
10.153693,16.188000,0.893000,0.893000
9.903647,16.188000,0.930705,0.930705
9.653601,16.188000,0.950000,0.950000
9.403555,16.188000,0.980223,0.980223
9.153509,16.188000,1.007000,1.007000
8.903463,16.188000,1.029741,1.029741
8.653417,16.188000,1.064000,1.064000
8.403372,16.188000,1.083000,1.083000
8.153326,16.188000,1.120705,1.120705
7.903280,16.188000,1.143741,1.143741
7.653234,16.188000,1.166482,1.166482
7.403188,16.188000,1.197000,1.197000
7.153142,16.188000,1.234705,1.234705
6.903096,16.188000,1.254000,1.254000
6.653050,16.188000,1.284223,1.284223
6.403004,16.188000,1.311000,1.311000
6.152958,16.188000,1.333741,1.333741
5.902912,16.188000,1.368000,1.368000
5.652866,16.188000,1.387000,1.387000
5.402820,16.188000,1.424705,1.424705
5.152774,16.188000,1.451482,1.451482
4.902728,16.188000,1.482000,1.482000
4.652682,16.188000,1.493223,1.493223
4.402636,16.188000,1.508482,1.508482
4.152590,16.188000,1.542741,1.542741
3.902544,16.188000,1.587929,1.587929
3.652498,16.188000,1.636563,1.636563
3.402452,16.188000,1.685197,1.685197
3.152406,16.188000,1.741902,1.741902
2.902360,16.188000,1.794867,1.794867
2.652314,16.188000,1.874608,1.874608
2.441954,16.115136,1.874608,1.874608
2.306322,15.905072,1.749385,1.749385
2.170690,15.695008,1.627903,1.627903
2.035058,15.484943,1.514138,1.514138
1.899426,15.274879,1.411833,1.411833
1.763794,15.064815,1.317304,1.317304
1.628162,14.854751,1.230965,1.230965
1.492530,14.644687,1.151165,1.151165
1.356898,14.434622,1.090600,1.090600
1.221266,14.224558,1.037400,1.037400
1.085634,14.014494,0.991564,0.991564
0.950002,13.804430,0.961282,0.961282
0.857520,13.572931,0.888022,0.888022
0.778516,13.336063,0.815999,0.815999
0.700638,13.098755,0.751340,0.751340
0.638722,12.856797,0.690775,0.690775
0.562100,12.619200,0.652716,0.652716
0.508141,12.377845,0.610975,0.610975
0.442493,12.138479,0.618634,0.618634
0.411243,11.891457,0.565670,0.565670
0.374569,11.644275,0.546670,0.546670
0.360679,11.401283,0.516741,0.516741
0.342000,11.153615,0.512705,0.512705
0.331816,10.903868,0.513000,0.513000
0.323000,10.654081,0.513000,0.513000
0.350473,10.410130,0.360941,0.360941
0.456205,10.183539,0.281141,0.281141
0.561772,9.957047,0.201341,0.201341
0.671771,9.733457,0.106400,0.106400
0.474957,9.785791,0.019000,0.019000
0.240246,9.872012,0.000000,0.000000
0.005535,9.958232,0.000000,0.000000
-0.229175,10.044452,0.019000,0.019000
-0.400506,9.878306,0.243082,0.243082
-0.566627,9.691419,0.493941,0.493941
-0.732749,9.504533,0.744800,0.744800
-0.898870,9.317646,0.956304,0.956304
-1.064992,9.130759,0.915446,0.915446
-1.207543,8.927915,0.888434,0.888434
-1.319367,8.704267,0.888375,0.888375
-1.431668,8.481887,0.957482,0.957482
-1.480727,8.254912,0.988000,0.988000
-1.454622,8.036452,0.988000,0.988000
-1.356125,7.806624,0.918893,0.918893
-1.257627,7.576795,0.888022,0.888022
-1.141880,7.356761,0.934682,0.934682
-0.941164,7.273684,0.851200,0.851200
-0.691171,7.268529,0.665000,0.665000
-0.441178,7.263375,0.505400,0.505400
-0.191185,7.258220,0.334341,0.334341
0.058808,7.253066,0.159600,0.159600
0.308801,7.247911,0.000000,0.000000
0.558793,7.242757,0.000000,0.000000
0.779215,7.295005,0.083482,0.083482
0.920151,7.501548,0.319200,0.319200
1.061086,7.708092,0.551000,0.551000
1.202022,7.914635,0.760000,0.760000
1.342957,8.121179,0.950000,0.950000
1.483893,8.327722,1.070127,1.070127
1.624828,8.534265,0.995247,0.995247
1.765764,8.740809,0.942046,0.942046
1.893541,8.955083,0.926081,0.926081
2.002662,9.178993,0.941340,0.941340
2.108996,9.404993,1.007000,1.007000
2.128000,9.636959,0.988000,0.988000
2.128000,9.877562,0.988000,0.988000
2.128000,10.127608,0.988000,0.988000
2.109000,10.369784,0.988000,0.988000
2.109000,10.613664,0.988000,0.988000
2.128000,10.846869,0.999223,0.999223
2.146985,11.095864,1.002964,1.002964
2.199283,11.333566,1.001786,1.001786
2.279479,11.568915,0.983081,0.983081
2.395341,11.790058,0.956304,0.956304
2.536403,11.996445,0.914563,0.914563
2.679369,12.201189,0.907257,0.907257
2.825824,12.403746,0.911764,0.911764
2.900523,12.616430,0.984200,0.984200
3.093054,12.701320,0.923223,0.923223
3.297907,12.837063,0.915034,0.915034
3.507294,12.971862,0.903163,0.903163
3.717155,13.107806,0.933563,0.933563
3.938664,13.219555,0.971504,0.971504
4.173564,13.303141,0.986822,0.986822
4.410828,13.373172,1.002964,1.002964
4.644733,13.395000,1.007000,1.007000
4.894779,13.395000,1.007000,1.007000
5.130000,13.407045,1.018223,1.018223
5.366818,13.414000,1.045000,1.045000
5.597626,13.429172,1.059964,1.059964
5.846728,13.414000,0.941634,0.941634
6.072938,13.514969,0.736199,0.736199
6.288040,13.641520,0.653541,0.653541
6.509009,13.754148,0.633893,0.633893
6.729893,13.870779,0.706741,0.706741
6.970265,13.908000,0.736964,0.736964
7.205774,13.827835,0.694929,0.694929
7.435158,13.728932,0.683411,0.683411
7.664987,13.630434,0.759529,0.759529
7.861831,13.549618,0.891822,0.891822
7.957868,13.323175,0.941929,0.941929
8.152874,13.169262,0.869670,0.869670
8.369214,13.046857,0.683116,0.683116
8.590349,12.932537,0.558600,0.558600
8.806915,12.807651,0.565670,0.565670
9.038683,12.718295,0.627000,0.627000
9.279063,12.695531,0.634482,0.634482
9.502814,12.807126,0.576893,0.576893
9.641044,12.983901,0.505400,0.505400
9.695626,13.227917,0.440447,0.440447
9.750209,13.471933,0.475000,0.475000
9.804791,13.715949,0.532000,0.532000
9.859374,13.959965,0.589000,0.589000
9.913956,14.203980,0.646000,0.646000
9.834837,14.409163,0.562223,0.562223
9.645965,14.571696,0.364741,0.364741
9.455300,14.733457,0.190000,0.190000
9.213695,14.789861,0.000000,0.000000
8.968504,14.838899,0.019000,0.019000
8.796057,14.658216,0.190000,0.190000
8.628167,14.473000,0.342000,0.342000
8.465204,14.283376,0.513000,0.513000
8.290550,14.104550,0.687741,0.687741
8.130433,13.915150,0.855000,0.855000
8.006772,13.703071,0.988000,0.988000
7.917581,13.469473,0.933857,0.933857
7.828389,13.235876,0.793964,0.793964
7.739197,13.002278,0.684000,0.684000
7.642424,12.773882,0.589000,0.589000
7.457075,12.606075,0.399000,0.399000
7.272678,12.437742,0.228000,0.228000
7.027150,12.412421,0.000000,0.000000
6.777536,12.397737,0.000000,0.000000
6.555657,12.450603,0.178482,0.178482
6.385385,12.633615,0.360705,0.360705
6.222425,12.822233,0.532000,0.532000
6.051933,13.005067,0.684000,0.684000
5.911500,12.974610,0.664705,0.664705
5.805464,12.748161,0.418000,0.418000
5.699428,12.521711,0.190000,0.190000
5.593392,12.295262,0.000000,0.000000
5.487356,12.068812,0.000000,0.000000
5.381321,11.842363,0.223964,0.223964
5.275285,11.615913,0.304000,0.304000
5.169249,11.389464,0.076000,0.076000
5.063213,11.163014,0.000000,0.000000
4.957177,10.936565,0.076000,0.076000
4.851141,10.710115,0.292188,0.292188
5.011569,10.530431,0.494000,0.494000
5.188378,10.353622,0.665000,0.665000
5.365188,10.176812,0.836000,0.836000
5.541997,10.000003,1.026000,1.026000
5.718806,9.823194,1.197000,1.197000
5.895615,9.646385,1.368000,1.368000
6.072424,9.469576,1.558000,1.558000
6.287409,9.396801,1.615000,1.615000
6.536615,9.417283,1.596000,1.596000
6.785821,9.437766,1.577000,1.577000
7.035026,9.458249,1.558000,1.558000
7.284232,9.478731,1.539000,1.539000
7.533438,9.499214,1.354715,1.354715
7.740646,9.635747,1.225750,1.225750
7.945532,9.778875,1.104268,1.104268
8.155938,9.913384,0.979045,0.979045
8.358104,10.060503,0.861422,0.861422
8.570088,10.192061,0.732516,0.732516
8.775674,10.334390,0.603375,0.603375
8.986556,10.468704,0.482070,0.482070
9.194606,10.607404,0.352929,0.352929
9.398996,10.751361,0.242964,0.242964
9.605614,10.892027,0.110082,0.110082
9.710933,11.008601,0.019000,0.019000
9.463235,11.042793,0.000000,0.000000
9.215538,11.076984,0.000000,0.000000
8.967841,11.111175,0.000000,0.000000
8.720144,11.145367,0.000000,0.000000
8.472446,11.179558,0.000000,0.000000
8.224749,11.213749,0.000000,0.000000
7.977052,11.247941,0.000000,0.000000
7.729354,11.282132,0.000000,0.000000
7.481657,11.316323,0.019000,0.019000
7.233960,11.350515,0.038000,0.038000
6.986262,11.384706,0.076000,0.076000
6.738565,11.418897,0.114000,0.114000
6.490868,11.453089,0.152000,0.152000
6.243171,11.487280,0.190000,0.190000
5.995473,11.521471,0.209000,0.209000
5.747776,11.555663,0.247000,0.247000
5.500079,11.589854,0.285000,0.285000
5.252381,11.624046,0.323000,0.323000
5.004684,11.658237,0.361000,0.361000
4.756987,11.692428,0.380000,0.380000
4.509290,11.726620,0.326447,0.326447
4.261592,11.760811,0.193564,0.193564
4.013895,11.795002,0.041741,0.041741
3.766198,11.829194,0.000000,0.000000
3.535105,11.895440,0.060741,0.060741
3.364284,12.078041,0.307741,0.307741
3.193463,12.260643,0.547141,0.547141
3.022643,12.443244,0.798000,0.798000
2.851822,12.625846,0.931000,0.931000
2.681001,12.808447,0.691600,0.691600
2.510181,12.991048,0.440741,0.440741
2.287190,13.090119,0.208705,0.208705
2.048153,13.163497,0.000000,0.000000
1.809116,13.236876,0.000000,0.000000
1.570079,13.310255,0.166964,0.166964
1.331043,13.383633,0.394905,0.394905
1.092006,13.457012,0.637575,0.637575
0.852969,13.530391,0.865516,0.865516
0.613932,13.603770,0.899599,0.899599
0.374896,13.677148,0.686857,0.686857
0.135859,13.750527,0.470670,0.470670
-0.103178,13.823906,0.277047,0.277047
-0.342215,13.897284,0.068341,0.068341
-0.581251,13.970663,0.000000,0.000000
-0.820288,14.044042,0.000000,0.000000
-1.059325,14.117421,0.151823,0.151823
-1.298361,14.190799,0.288505,0.288505
-1.537398,14.264178,0.425600,0.425600
-1.626792,14.456458,0.356847,0.356847
-1.644253,14.705894,0.185964,0.185964
-1.661713,14.955329,0.000000,0.000000
-1.679174,15.204765,0.000000,0.000000
-1.696634,15.454200,0.121482,0.121482
-1.714095,15.703636,0.345388,0.345388
-1.731555,15.953072,0.557893,0.557893
-1.762543,16.188000,0.751340,0.751340
-2.012589,16.188000,0.671893,0.671893
-2.262635,16.188000,0.603375,0.603375
-2.512681,16.188000,0.554741,0.554741
-2.762727,16.188000,0.516741,0.516741
-3.012773,16.188000,0.494000,0.494000
-3.262819,16.188000,0.494000,0.494000
-3.512865,16.188000,0.512705,0.512705
-3.762911,16.188000,0.546964,0.546964
-4.012957,16.188000,0.588411,0.588411
-4.263003,16.188000,0.652716,0.652716
-4.513049,16.188000,0.728599,0.728599
-4.763095,16.188000,0.819681,0.819681
-4.953504,16.134139,0.853822,0.853822
-4.928121,15.885385,0.622375,0.622375
-4.902738,15.636630,0.402270,0.402270
-4.877355,15.387876,0.178423,0.178423
-4.851972,15.139122,0.000000,0.000000
-4.826589,14.890368,0.000000,0.000000
-4.801205,14.641613,0.159600,0.159600
-4.775822,14.392859,0.360941,0.360941
-4.644586,14.192016,0.604023,0.604023
-4.591802,14.056466,0.718200,0.718200
-4.841528,14.043821,0.550823,0.550823
-5.091254,14.031177,0.360529,0.360529
-5.340980,14.018533,0.163223,0.163223
-5.590706,14.005888,0.000000,0.000000
-5.840432,13.993244,0.000000,0.000000
-6.034055,13.917670,0.079741,0.079741
-6.023000,13.797848,0.053200,0.053200
-6.023000,14.047894,0.148141,0.148141
-6.028102,14.012151,0.125223,0.125223
-6.037026,13.762264,0.019000,0.019000
-6.045951,13.512378,0.000000,0.000000
-6.054875,13.262491,0.000000,0.000000
-5.986186,13.076454,0.057000,0.057000
-6.117289,13.073792,0.057000,0.057000
-6.137000,12.841747,0.000000,0.000000
-6.137000,12.591701,0.133000,0.133000
-6.004000,12.474655,0.095000,0.095000
-6.004000,12.224609,0.000000,0.000000
-6.004000,11.974563,0.133000,0.133000
-6.127620,11.927310,0.171000,0.171000
-6.095368,11.696086,0.000000,0.000000
-6.051914,11.449845,0.000000,0.000000
-6.060799,11.267000,0.171000,0.171000
-6.116081,11.094418,0.000000,0.000000
-6.085993,10.846189,0.000000,0.000000
-6.064522,10.621000,0.171000,0.171000
-5.943372,10.535471,0.076000,0.076000
-5.979752,10.288085,0.000000,0.000000
-6.016132,10.040700,0.133000,0.133000
-5.942348,9.807880,0.000000,0.000000
-5.842928,9.578449,0.038000,0.038000
-5.849093,9.387454,0.159482,0.159482
-6.089493,9.357502,0.171000,0.171000
-6.118000,9.128003,0.000000,0.000000
-6.118000,8.877957,0.019000,0.019000
-6.070781,8.702000,0.171000,0.171000
-5.839791,8.662916,0.144223,0.144223
-5.607629,8.570052,0.292482,0.292482
-5.412544,8.414544,0.475000,0.475000
-5.470548,8.277575,0.418000,0.418000
-5.695782,8.168980,0.190000,0.190000
-5.921015,8.060386,0.000000,0.000000
-6.146249,7.951791,0.000000,0.000000
-6.371482,7.843196,0.190000,0.190000
-6.292354,7.643591,0.094941,0.094941
-6.214479,7.424595,0.000000,0.000000
-6.379136,7.236416,0.000000,0.000000
-6.543792,7.048237,0.212800,0.212800
-6.706943,6.859057,0.463247,0.463247
-6.898492,6.701877,0.691188,0.691188
-7.125491,6.650000,0.698375,0.698375
-7.349446,6.587655,0.698375,0.698375
-7.594703,6.544099,0.709599,0.709599
-7.829314,6.505768,0.728599,0.728599
-8.072647,6.449071,0.736199,0.736199
-8.316691,6.395616,0.762799,0.762799
-8.557454,6.335258,0.743857,0.743857
-8.804933,6.304034,0.782447,0.782447
-9.040502,6.236091,0.785599,0.785599
-9.279993,6.182801,0.789340,0.789340
-9.526849,6.144538,0.812081,0.812081
-9.767808,6.082865,0.823599,0.823599
-10.011855,6.030829,0.834822,0.834822
-10.253086,5.970319,0.846340,0.846340
-10.498740,5.924420,0.872822,0.872822
-10.743037,5.872993,0.872822,0.872822
-10.968343,5.813514,0.872822,0.872822
-11.212741,5.774630,0.903340,0.903340
-11.456668,5.731777,0.930705,0.930705
-11.692935,5.665688,0.918304,0.918304
-11.938414,5.625259,0.944904,0.944904
-12.166267,5.570183,0.944904,0.944904
-12.402326,5.524326,0.975304,0.975304
-12.644125,5.475292,0.979045,0.979045
-12.881889,5.450528,0.987705,0.987705
-13.071212,5.613844,0.798000,0.798000
-13.263303,5.773919,0.596482,0.596482
-13.454245,5.935353,0.418000,0.418000
-13.644503,6.097593,0.212741,0.212741
-13.827327,6.244769,0.038000,0.038000
-13.677299,6.044733,0.190000,0.190000
-13.527272,5.844696,0.342000,0.342000
-13.377244,5.644659,0.494000,0.494000
-13.227217,5.444622,0.646000,0.646000
-13.077189,5.244585,0.798000,0.798000
-13.142165,5.045553,0.705857,0.705857
-13.295153,4.847825,0.550411,0.550411
-13.455739,4.656347,0.402270,0.402270
-13.609770,4.459384,0.250447,0.250447
-13.702527,4.247794,0.079741,0.079741
-13.644797,4.004503,0.000000,0.000000
-13.587067,3.761213,0.121482,0.121482
-13.529337,3.517922,0.379705,0.379705
-13.471608,3.274632,0.637575,0.637575
-13.413878,3.031341,0.869081,0.869081
-13.356148,2.788051,1.123268,1.123268
-13.298418,2.544760,1.373715,1.373715
-13.240688,2.301470,1.197000,1.197000
-13.182958,2.058179,0.950000,0.950000
-13.125228,1.814889,0.722000,0.722000
-13.067498,1.571598,0.478741,0.478741
-13.009768,1.328308,0.242964,0.242964
-12.952038,1.085017,0.133000,0.133000
-12.808769,0.953272,0.057000,0.057000
-12.558831,0.960623,0.000000,0.000000
-12.308893,0.967974,0.133000,0.133000
-12.059233,0.981633,0.000000,0.000000
-11.809619,0.996317,0.000000,0.000000
-11.626622,1.052972,0.171000,0.171000
-11.580189,0.857812,0.133000,0.133000
-11.330575,0.872496,0.000000,0.000000
-11.080960,0.887179,0.076000,0.076000
-10.978887,0.994226,0.171000,0.171000
-11.134910,0.951856,0.019000,0.019000
-11.354759,0.832738,0.000000,0.000000
-11.574609,0.713619,0.163282,0.163282
-11.794458,0.594501,0.228000,0.228000
-12.014308,0.475382,0.342000,0.342000
-12.234157,0.356264,0.485929,0.485929
-12.454007,0.237145,0.589000,0.589000
-12.673856,0.118027,0.703000,0.703000
-12.893706,-0.001091,0.846929,0.846929
-13.113555,-0.120210,0.874000,0.874000
-13.333405,-0.239328,0.741000,0.741000
-13.553254,-0.358447,0.615482,0.615482
-13.773104,-0.477565,0.475000,0.475000
-13.992953,-0.596684,0.330188,0.330188
-14.212803,-0.715802,0.152000,0.152000
-14.432652,-0.834921,0.000000,0.000000
-14.652502,-0.954039,0.000000,0.000000
-14.872351,-1.073158,0.060741,0.060741
-15.092201,-1.192276,0.265705,0.265705
-15.312050,-1.311394,0.455411,0.455411
-15.531900,-1.430513,0.637575,0.637575
-15.751749,-1.549631,0.850081,0.850081
-15.971599,-1.668750,1.054986,1.054986
-16.187902,-1.782080,1.248492,1.248492
-16.181679,-1.532111,1.036163,1.036163
-16.175456,-1.282143,0.804540,0.804540
-16.169233,-1.032174,0.599634,0.599634
-16.163009,-0.782205,0.391223,0.391223
-16.156786,-0.532237,0.178423,0.178423
-16.150563,-0.282268,0.000000,0.000000
-16.144339,-0.032300,0.000000,0.000000
-16.138116,0.217669,0.106400,0.106400
-16.131893,0.467637,0.307741,0.307741
-16.125670,0.717606,0.493941,0.493941
-16.119446,0.967574,0.668682,0.668682
-16.113223,1.217543,0.831964,0.831964
-16.107000,1.467511,0.797588,0.797588
-16.100776,1.717480,0.633893,0.633893
-16.094553,1.967448,0.493411,0.493411
-16.088330,2.217417,0.371988,0.371988
-16.082107,2.467386,0.250447,0.250447
-16.075883,2.717354,0.166964,0.166964
-16.069660,2.967323,0.098741,0.098741
-16.063437,3.217291,0.038000,0.038000
-16.057213,3.467260,0.000000,0.000000
-16.050990,3.717228,0.000000,0.000000
-16.044767,3.967197,0.000000,0.000000
-16.038544,4.217165,0.000000,0.000000
-16.032320,4.467134,0.000000,0.000000
-16.026097,4.717102,0.000000,0.000000
-16.019874,4.967071,0.000000,0.000000
-16.013650,5.217039,0.000000,0.000000
-16.007427,5.467008,0.000000,0.000000
-16.001204,5.716977,0.000000,0.000000
-15.994981,5.966945,0.000000,0.000000
-15.988757,6.216914,0.000000,0.000000
-15.982534,6.466882,0.000000,0.000000
-15.976311,6.716851,0.000000,0.000000
-15.970087,6.966819,0.000000,0.000000
-15.963864,7.216788,0.019000,0.019000
-15.869334,7.382583,0.171000,0.171000
-15.827000,7.578409,0.000000,0.000000
-15.827000,7.828455,0.000000,0.000000
-15.849501,8.056000,0.171000,0.171000
-15.970595,8.157081,0.076000,0.076000
-15.992573,8.406159,0.000000,0.000000
-16.014550,8.655237,0.152000,0.152000
-15.843561,8.742250,0.133000,0.133000
-15.828434,8.991838,0.000000,0.000000
-15.813308,9.241426,0.076000,0.076000
-15.955049,9.343049,0.171000,0.171000
-15.788142,9.519858,0.000000,0.000000
-15.624668,9.696668,0.152000,0.152000
-15.673047,9.725396,0.095000,0.095000
-15.523019,9.525359,0.247000,0.247000
-15.372992,9.325322,0.432670,0.432670
-15.165392,9.197696,0.615482,0.615482
-14.985503,9.024274,0.779000,0.779000
-14.806289,8.849903,0.972741,0.972741
-14.627074,8.675532,1.159000,1.159000
-14.447303,8.501765,1.330000,1.330000
-14.297168,8.441852,1.406000,1.406000
-14.258525,8.688894,1.159000,1.159000
-14.219882,8.935936,0.912000,0.912000
-14.181238,9.182977,0.665000,0.665000
-14.142595,9.430019,0.418000,0.418000
-14.103951,9.677061,0.171000,0.171000
-14.065308,9.924103,0.000000,0.000000
-14.026664,10.171145,0.019000,0.019000
-13.988021,10.418187,0.266000,0.266000
-13.949378,10.665229,0.513000,0.513000
-13.910734,10.912271,0.760000,0.760000
-13.872091,11.159312,0.565964,0.565964
-13.833447,11.406354,0.326447,0.326447
-13.794804,11.653396,0.163223,0.163223
-13.756000,11.885062,0.171000,0.171000
-13.920469,11.955488,0.019000,0.019000
-14.169547,11.933511,0.000000,0.000000
-14.418683,11.913491,0.171000,0.171000
-14.668621,11.920842,0.000000,0.000000
-14.918559,11.928193,0.038000,0.038000
-15.067000,11.857321,0.171000,0.171000
-15.048000,11.868855,0.171000,0.171000
-15.048000,12.118901,0.205023,0.205023
-15.048000,12.368947,0.394670,0.394670
-15.048000,12.618993,0.641670,0.641670
-15.048000,12.869039,0.736670,0.736670
-15.048000,13.119085,0.489670,0.489670
-15.048000,13.369131,0.254541,0.254541
-15.048000,13.619177,0.171000,0.171000
-15.266986,13.673120,0.000000,0.000000
-15.516574,13.688247,0.000000,0.000000
-15.698836,13.770509,0.171000,0.171000
-15.508296,13.797948,0.000000,0.000000
-15.258923,13.779612,0.000000,0.000000
-15.009550,13.761276,0.133000,0.133000
-14.760178,13.742940,0.000000,0.000000
-14.510805,13.724603,0.076000,0.076000
-14.414515,13.718907,0.171000,0.171000
-14.288176,13.625807,0.057000,0.057000
-14.041433,13.666317,0.000000,0.000000
-13.794691,13.706827,0.152000,0.152000
-13.547948,13.747337,0.000000,0.000000
-13.301205,13.787847,0.019000,0.019000
-13.129000,13.721294,0.171000,0.171000
-12.901665,13.685222,0.000000,0.000000
-12.652077,13.670096,0.019000,0.019000
-12.482395,13.569180,0.171000,0.171000
-12.479586,13.319149,0.299964,0.299964
-12.476777,13.069119,0.527670,0.527670
-12.473967,12.819089,0.774670,0.774670
-12.471158,12.569059,0.603670,0.603670
-12.468349,12.319029,0.345388,0.345388
-12.465539,12.068998,0.182223,0.182223
-12.464000,11.818961,0.171000,0.171000
-12.637006,11.747243,0.000000,0.000000
-12.886937,11.754816,0.000000,0.000000
-13.091000,11.806889,0.171000,0.171000
-12.985112,11.947839,0.057000,0.057000
-12.735177,11.940378,0.000000,0.000000
-12.485243,11.932918,0.152000,0.152000
-12.235308,11.925457,0.000000,0.000000
-11.985373,11.917996,0.000000,0.000000
-11.799000,11.832741,0.171000,0.171000
-11.602035,11.791586,0.000000,0.000000
-11.352421,11.806269,0.000000,0.000000
-11.153000,11.868280,0.171000,0.171000
-11.023427,12.042191,0.053200,0.053200
-10.804995,12.163889,0.152000,0.152000
-10.586563,12.285587,0.303705,0.303705
-10.368130,12.407285,0.501305,0.501305
-10.149698,12.528982,0.733341,0.733341
-9.931266,12.650680,0.607705,0.607705
-9.711267,12.769477,0.368305,0.368305
-9.489728,12.885423,0.121541,0.121541
-9.268189,13.001369,0.000000,0.000000
-9.046649,13.117314,0.053200,0.053200
-8.825110,13.233260,0.299964,0.299964
-8.603571,13.349206,0.546729,0.546729
-8.382032,13.465151,0.797175,0.797175
-8.160493,13.581097,1.047622,1.047622
-7.938954,13.697043,1.282927,1.282927
-7.733851,13.834658,1.079141,1.079141
-7.562478,14.016742,0.828282,0.828282
-7.486000,14.236458,0.626941,0.626941
-7.486000,14.486504,0.440741,0.440741
-7.486000,14.736550,0.227941,0.227941
-7.486000,14.986596,0.026600,0.026600
-7.486000,15.236642,0.000000,0.000000
-7.486000,15.486688,0.110082,0.110082
-7.486000,15.736734,0.330188,0.330188
-7.486000,15.986780,0.554093,0.554093
-7.534826,16.188000,0.724857,0.724857
-7.784872,16.188000,0.652716,0.652716
-8.034918,16.188000,0.588411,0.588411
-8.284964,16.188000,0.546964,0.546964
-8.535010,16.188000,0.512705,0.512705
-8.785056,16.188000,0.494000,0.494000
-9.035102,16.188000,0.494000,0.494000
-9.285148,16.188000,0.494000,0.494000
-9.535194,16.188000,0.494000,0.494000
-9.785240,16.188000,0.494000,0.494000
-10.035286,16.188000,0.494000,0.494000
-10.285332,16.188000,0.494000,0.494000
-10.535378,16.188000,0.494000,0.494000
-10.785424,16.188000,0.494000,0.494000
-11.035470,16.188000,0.494000,0.494000
-11.285516,16.188000,0.494000,0.494000
-11.535562,16.188000,0.494000,0.494000
-11.785608,16.188000,0.494000,0.494000
-12.035654,16.188000,0.494000,0.494000
-12.285700,16.188000,0.494000,0.494000
-12.535746,16.188000,0.494000,0.494000
-12.785792,16.188000,0.494000,0.494000
-13.035838,16.188000,0.494000,0.494000
-13.285884,16.188000,0.494000,0.494000
-13.535930,16.188000,0.494000,0.494000
-13.785976,16.188000,0.494000,0.494000
-14.036022,16.188000,0.494000,0.494000
-14.286068,16.188000,0.494000,0.494000
-14.536114,16.188000,0.494000,0.494000
-14.786160,16.188000,0.494000,0.494000
-15.036206,16.188000,0.494000,0.494000
-15.286252,16.188000,0.494000,0.494000
-15.536298,16.188000,0.494000,0.494000
-15.786344,16.188000,0.494000,0.494000
-16.036390,16.188000,0.494000,0.494000
-16.286436,16.188000,0.494000,0.494000
-16.536482,16.188000,0.520482,0.520482
-16.786528,16.188000,0.573152,0.573152
-17.036574,16.188000,0.637575,0.637575
-17.104913,16.020973,0.493411,0.493411
-17.083900,15.771812,0.261905,0.261905
-17.062886,15.522650,0.038000,0.038000
-17.041873,15.273489,0.000000,0.000000
-17.020859,15.024327,0.121482,0.121482
-16.999845,14.775166,0.326564,0.326564
-16.978832,14.526005,0.520541,0.520541
-16.957818,14.276843,0.709599,0.709599
-16.936804,14.027682,0.793670,0.793670
-16.915791,13.778520,0.741000,0.741000
-16.894777,13.529359,0.729482,0.729482
-16.873764,13.280197,0.759116,0.759116
-16.853421,13.031055,0.733341,0.733341
-16.888783,12.783522,0.527493,0.527493
-16.924144,12.535989,0.307741,0.307741
-16.959506,12.288457,0.079741,0.079741
-16.994868,12.040924,0.000000,0.000000
-17.067609,11.843230,0.041741,0.041741
-17.315955,11.840105,0.163223,0.163223
-17.297128,11.623912,0.000000,0.000000
-17.240147,11.380445,0.000000,0.000000
-17.183165,11.136979,0.186200,0.186200
-17.087245,10.933388,0.399000,0.399000
-16.842491,10.882217,0.580693,0.580693
-16.597737,10.831046,0.747657,0.747657
-16.352983,10.779874,0.732516,0.732516
-16.108229,10.728703,0.618929,0.618929
-15.863475,10.677531,0.532000,0.532000
-15.618721,10.626360,0.475000,0.475000
-15.373967,10.575188,0.437000,0.437000
-15.129213,10.524017,0.380000,0.380000
-14.884459,10.472846,0.323000,0.323000
-14.639706,10.421674,0.285000,0.285000
-14.394952,10.370503,0.228000,0.228000
-14.150198,10.319331,0.171000,0.171000
-13.905444,10.268160,0.114000,0.114000
-13.660690,10.216988,0.076000,0.076000
-13.415936,10.165817,0.019000,0.019000
-13.171182,10.114646,0.000000,0.000000
-12.926428,10.063474,0.000000,0.000000
-12.681674,10.012303,0.000000,0.000000
-12.436920,9.961131,0.000000,0.000000
-12.192166,9.909960,0.000000,0.000000
-11.947412,9.858788,0.000000,0.000000
-11.702658,9.807617,0.038000,0.038000
-11.457904,9.756446,0.095000,0.095000
-11.213151,9.705274,0.133000,0.133000
-10.968397,9.654103,0.190000,0.190000
-10.723643,9.602931,0.247000,0.247000
-10.478889,9.551760,0.292482,0.292482
-10.234135,9.500588,0.398705,0.398705
-9.989381,9.449417,0.504929,0.504929
-9.744627,9.398245,0.610975,0.610975
-9.499873,9.347074,0.751340,0.751340
-9.255119,9.295903,0.914622,0.914622
-9.010365,9.244731,1.077904,1.077904
-8.765611,9.193560,1.268198,1.268198
-8.520857,9.142388,1.462588,1.462588
-8.276103,9.091217,1.595705,1.595705
-8.031350,9.040045,1.520000,1.520000
-7.786596,8.988874,1.420964,1.420964
-7.541842,8.937703,1.329411,1.329411
-7.310401,8.844863,1.147482,1.147482
-7.083727,8.743932,0.941929,0.941929
-7.023983,8.510346,0.817000,0.817000
-6.976914,8.264770,0.570000,0.570000
-6.929846,8.019194,0.323000,0.323000
-6.882777,7.773618,0.076000,0.076000
-6.835708,7.528042,0.000000,0.000000
-6.788639,7.282466,0.117741,0.117741
-6.741571,7.036890,0.345388,0.345388
-6.694502,6.791314,0.485752,0.485752
-6.647433,6.545738,0.425188,0.425188
-6.515921,6.344921,0.193564,0.193564
-6.380029,6.136704,0.000000,0.000000
-6.254936,5.920198,0.000000,0.000000
-6.129844,5.703692,0.243082,0.243082
-6.004752,5.487185,0.489847,0.489847
-5.879659,5.270679,0.751752,0.751752
-5.754567,5.054173,0.987057,0.987057
-5.629474,4.837667,1.233822,1.233822
-5.504382,4.621161,1.484268,1.484268
-5.379290,4.404655,1.501000,1.501000
-5.254197,4.188149,1.344729,1.344729
-5.129105,3.971643,1.097965,1.097965
-5.004012,3.755137,0.851200,0.851200
-4.764422,3.703155,0.665000,0.665000
-4.517198,3.665697,0.482482,0.482482
-4.270015,3.628003,0.292600,0.292600
-4.027487,3.570516,0.094941,0.094941
-3.945842,3.334175,0.000000,0.000000
-3.864197,3.097834,0.079800,0.079800
-3.782552,2.861493,0.296282,0.296282
-3.700907,2.625152,0.535682,0.535682
-3.802404,2.474149,0.592564,0.592564
-4.044261,2.411409,0.474705,0.474705
-4.285407,2.346198,0.376082,0.376082
-4.527046,2.283101,0.269682,0.269682
-4.766584,2.216367,0.159600,0.159600
-4.686510,2.232964,0.189882,0.189882
-4.447183,2.305392,0.307741,0.307741
-4.207857,2.377820,0.410047,0.410047
-3.968530,2.450248,0.493941,0.493941
-3.729203,2.522675,0.599929,0.599929
-3.489877,2.595103,0.680141,0.680141
-3.250763,2.668227,0.801682,0.801682
-3.013770,2.746209,0.892941,0.892941
-2.778212,2.829596,1.036575,1.036575
-2.551063,2.932968,1.168751,1.168751
-2.329422,3.047578,1.336009,1.336009
-2.105967,3.157095,1.541563,1.541563
-1.906878,3.282577,1.724375,1.724375
-2.013577,3.508715,1.565482,1.565482
-2.120275,3.734853,1.444000,1.444000
-2.226974,3.960990,1.349000,1.349000
-2.333673,4.187128,1.235000,1.235000
-2.440372,4.413266,1.007000,1.007000
-2.547071,4.639404,0.779000,0.779000
-2.653770,4.865542,0.551000,0.551000
-2.760469,5.091680,0.323000,0.323000
-2.867168,5.317818,0.133000,0.133000
-2.973866,5.543956,0.209000,0.209000
-3.080565,5.770094,0.304000,0.304000
-3.173000,5.999428,0.399000,0.399000
-3.173000,6.249474,0.399000,0.399000
-3.173000,6.499520,0.399000,0.399000
-3.173000,6.749566,0.399000,0.399000
-3.173000,6.999612,0.399000,0.399000
-3.173000,7.249658,0.399000,0.399000
-3.173000,7.499704,0.399000,0.399000
-3.173000,7.749750,0.399000,0.399000
-3.173000,7.999796,0.399000,0.399000
-3.173000,8.249842,0.399000,0.399000
-3.173000,8.499888,0.399000,0.399000
-3.173000,8.749934,0.399000,0.399000
-3.173000,8.999980,0.399000,0.399000
-3.173000,9.250026,0.399000,0.399000
-3.173000,9.500072,0.399000,0.399000
-3.173000,9.750118,0.399000,0.399000
-3.173000,10.000164,0.399000,0.399000
-3.173000,10.250210,0.399000,0.399000
-3.173000,10.500256,0.399000,0.399000
-3.173000,10.750302,0.399000,0.399000
-3.173000,11.000348,0.399000,0.399000
-3.173000,11.250394,0.399000,0.399000
-3.173000,11.500440,0.399000,0.399000
-3.199664,11.746991,0.380000,0.380000
-3.192492,11.947411,0.303647,0.303647
-3.018756,12.073076,0.133000,0.133000
-3.010139,12.322974,0.000000,0.000000
-3.015772,12.560722,0.019000,0.019000
-3.263887,12.591736,0.000000,0.000000
-3.430516,12.662973,0.114000,0.114000
-3.304240,12.878791,0.000000,0.000000
-3.177963,13.094608,0.000000,0.000000
-3.051687,13.310426,0.171000,0.171000
-2.925411,13.526244,0.402447,0.402447
-2.799134,13.742061,0.637634,0.637634
-2.672858,13.957879,0.888081,0.888081
-2.546582,14.173697,1.081527,1.081527
-2.420305,14.389515,0.834822,0.834822
-2.294029,14.605332,0.584375,0.584375
-2.167753,14.821150,0.345388,0.345388
-2.041476,15.036968,0.102482,0.102482
-1.915200,15.252786,0.000000,0.000000
-1.788924,15.468603,0.094941,0.094941
-1.662647,15.684421,0.330188,0.330188
-1.536371,15.900239,0.584375,0.584375
-1.410095,16.116056,0.831140,0.831140
-1.534692,16.188000,0.842599,0.842599
-1.784738,16.188000,0.747599,0.747599
-2.034784,16.188000,0.667857,0.667857
-2.284830,16.188000,0.599634,0.599634
-2.534876,16.188000,0.551000,0.551000
-2.784922,16.188000,0.513000,0.513000
-3.034968,16.188000,0.494000,0.494000
-3.285014,16.188000,0.494000,0.494000
-3.535060,16.188000,0.513000,0.513000
-3.785106,16.188000,0.550705,0.550705
-4.035152,16.188000,0.592152,0.592152
-4.285198,16.188000,0.664116,0.664116
-4.535244,16.188000,0.736199,0.736199
-4.785290,16.188000,0.831081,0.831081
-5.035336,16.188000,0.937304,0.937304
-5.285382,16.188000,1.054986,1.054986
-5.535428,16.188000,1.195351,1.195351
-5.785474,16.188000,1.344316,1.344316
-6.035520,16.188000,1.481824,1.481824
-6.285566,16.188000,1.332857,1.332857
-6.535612,16.188000,1.187751,1.187751
-6.785658,16.188000,1.051304,1.051304
-7.035704,16.188000,0.929763,0.929763
-7.030557,16.103008,0.861422,0.861422
-6.830444,15.953082,0.842599,0.842599
-6.630331,15.803156,0.823775,0.823775
-6.430218,15.653230,0.831964,0.831964
-6.230105,15.503304,0.839741,0.839741
-6.029992,15.353378,0.881482,0.881482
-5.829879,15.203452,0.638400,0.638400
-5.629766,15.053526,0.387541,0.387541
-5.429653,14.903600,0.148141,0.148141
-5.229540,14.753674,0.000000,0.000000
-5.029427,14.603748,0.038000,0.038000
-4.829314,14.453822,0.281141,0.281141
-4.629201,14.303896,0.520541,0.520541
-4.429088,14.153970,0.771400,0.771400
-4.228975,14.004045,1.010800,1.010800
-4.028862,13.854119,0.984200,0.984200
-3.828749,13.704193,0.748482,0.748482
-3.628636,13.554267,0.501305,0.501305
-3.428523,13.404341,0.265705,0.265705
-3.228410,13.254415,0.114000,0.114000
-3.028297,13.104489,0.019000,0.019000
-2.828184,12.954563,0.209000,0.209000
-2.628071,12.804637,0.394670,0.394670
-2.427958,12.654711,0.387541,0.387541
-2.227845,12.504785,0.448105,0.448105
-2.027732,12.354859,0.538893,0.538893
-1.827619,12.204933,0.702116,0.702116
-1.627506,12.055007,0.862188,0.862188
-1.427393,11.905081,0.950000,0.950000
-1.227280,11.755156,0.760000,0.760000
-1.027167,11.605230,0.551000,0.551000
-0.827054,11.455304,0.361000,0.361000
-0.626941,11.305378,0.152000,0.152000
-0.426828,11.155452,0.000000,0.000000
-0.226715,11.005526,0.000000,0.000000
-0.026602,10.855600,0.171000,0.171000
0.173511,10.705674,0.361000,0.361000
0.373624,10.555748,0.456000,0.456000
0.573737,10.405822,0.266000,0.266000
0.773850,10.255896,0.057000,0.057000
0.973963,10.105970,0.000000,0.000000
1.174076,9.956044,0.057000,0.057000
1.374189,9.806118,0.247000,0.247000
1.574302,9.656192,0.456000,0.456000
1.774415,9.506267,0.649741,0.649741
1.974528,9.356341,0.888670,0.888670
2.174641,9.206415,0.950000,0.950000
2.374754,9.056489,0.741000,0.741000
2.574867,8.906563,0.532000,0.532000
2.774980,8.756637,0.342000,0.342000
2.975093,8.606711,0.133000,0.133000
3.175206,8.456785,0.000000,0.000000
3.375319,8.306859,0.000000,0.000000
3.575432,8.156933,0.152000,0.152000
3.775545,8.007007,0.361000,0.361000
3.975658,7.857081,0.247000,0.247000
4.175771,7.707155,0.079800,0.079800
4.375884,7.557229,0.053200,0.053200
4.575997,7.407303,0.019000,0.019000
4.776110,7.257378,0.000000,0.000000
4.976223,7.107452,0.000000,0.000000
5.176336,6.957526,0.000000,0.000000
5.376449,6.807600,0.076000,0.076000
5.576562,6.657674,0.307741,0.307741
5.776675,6.507748,0.535682,0.535682
5.976789,6.357822,0.793905,0.793905
6.176902,6.207896,0.933857,0.933857
6.377015,6.057970,0.721116,0.721116
6.577128,5.908044,0.531705,0.531705
6.777241,5.758118,0.383447,0.383447
6.977354,5.608192,0.368305,0.368305
7.177467,5.458266,0.505400,0.505400
7.377580,5.308340,0.569234,0.569234
7.577693,5.158414,0.413729,0.413729
7.777806,5.008489,0.311188,0.311188
7.977919,4.858563,0.193564,0.193564
8.178032,4.708637,0.094941,0.094941
8.378145,4.558711,0.000000,0.000000
8.578258,4.408785,0.000000,0.000000
8.778371,4.258859,0.000000,0.000000
8.978484,4.108933,0.053200,0.053200
9.178597,3.959007,0.151823,0.151823
9.378710,3.809081,0.261905,0.261905
9.578823,3.659155,0.068341,0.068341
9.778936,3.509229,0.000000,0.000000
9.979049,3.359303,0.133000,0.133000
10.179162,3.209377,0.387129,0.387129
10.379275,3.059451,0.622375,0.622375
10.579388,2.909526,0.872822,0.872822
10.779501,2.759600,1.104268,1.104268
10.754000,2.533679,1.121000,1.121000
10.754000,2.283633,1.121000,1.121000
10.739718,2.038230,1.121000,1.121000
10.740990,1.799010,1.121000,1.121000
10.735000,1.558838,1.121000,1.121000
10.711424,1.311695,1.102000,1.102000
10.788889,1.160658,1.083000,1.083000
11.035932,1.122024,0.836000,0.836000
11.282975,1.083389,0.589000,0.589000
11.530018,1.044755,0.342000,0.342000
11.777062,1.006120,0.095000,0.095000
12.024105,0.967486,0.000000,0.000000
12.271148,0.928851,0.095000,0.095000
12.518192,0.890217,0.342000,0.342000
12.765235,0.851582,0.589000,0.589000
13.012278,0.812948,0.836000,0.836000
13.259321,0.774313,1.083000,1.083000
13.506365,0.735679,1.330000,1.330000
13.753408,0.697044,1.577000,1.577000
14.000451,0.658410,1.672000,1.672000
14.247494,0.619775,1.634000,1.634000
14.494538,0.581141,1.596000,1.596000
14.741581,0.542506,1.558000,1.558000
14.988624,0.503872,1.520000,1.520000
15.235667,0.465237,1.463000,1.463000
15.482711,0.426603,1.425000,1.425000
15.729754,0.387968,1.387000,1.387000
15.976797,0.349333,1.349000,1.349000
16.223840,0.310699,1.311000,1.311000
16.470884,0.272064,1.273000,1.273000
16.717927,0.233430,1.235000,1.235000
16.964970,0.194795,1.146009,1.146009
17.212013,0.156161,0.998104,0.998104
17.459057,0.117526,0.813141,0.813141
17.706100,0.078892,0.595834,0.595834
17.953143,0.040257,0.371988,0.371988
18.200187,0.001623,0.136682,0.136682
18.447230,-0.037012,0.000000,0.000000
18.694273,-0.075646,0.038000,0.038000
18.941316,-0.114281,0.280964,0.280964
19.188360,-0.152915,0.519893,0.519893
19.304000,-0.304000,0.679375,0.679375
