# x,y,width_right_m,width_left_m; demonstrated official AutoDRIVE IPS lap trace; 2026-10-08
0.800000,3.158300,2.0,2.0
0.795860,2.908334,2.0,2.0
0.784177,2.658614,2.0,2.0
0.770038,2.409016,2.0,2.0
0.760778,2.159202,2.0,2.0
0.756929,1.909259,2.0,2.0
0.759124,1.659272,2.0,2.0
0.760956,1.409285,2.0,2.0
0.757091,1.159333,2.0,2.0
0.745096,0.909660,2.0,2.0
0.728546,0.660208,2.0,2.0
0.710009,0.410903,2.0,2.0
0.693458,0.161473,2.0,2.0
0.690707,-0.088251,2.0,2.0
0.700090,-0.338075,2.0,2.0
0.715755,-0.587302,2.0,2.0
0.754366,-0.834282,2.0,2.0
0.805480,-1.079001,2.0,2.0
0.850526,-1.324901,2.0,2.0
0.894954,-1.570921,2.0,2.0
0.931809,-1.817973,2.0,2.0
0.954431,-2.066936,2.0,2.0
0.960704,-2.316857,2.0,2.0
0.948515,-2.566241,2.0,2.0
0.927707,-2.815374,2.0,2.0
0.906899,-3.064506,2.0,2.0
0.865245,-3.310817,2.0,2.0
0.813725,-3.555338,2.0,2.0
0.752312,-3.797677,2.0,2.0
0.689439,-4.039641,2.0,2.0
0.626293,-4.281535,2.0,2.0
0.563146,-4.523428,2.0,2.0
0.508532,-4.767313,2.0,2.0
0.458687,-5.012285,2.0,2.0
0.415925,-5.258600,2.0,2.0
0.378683,-5.505756,2.0,2.0
0.346211,-5.753639,2.0,2.0
0.313739,-6.001521,2.0,2.0
0.289887,-6.250349,2.0,2.0
0.348033,-6.226917,2.0,2.0
0.464427,-6.005665,2.0,2.0
0.580822,-5.784413,2.0,2.0
0.697216,-5.563161,2.0,2.0
0.802750,-5.396090,2.0,2.0
0.824636,-5.645117,2.0,2.0
0.833910,-5.894900,2.0,2.0
0.833158,-6.144848,2.0,2.0
0.817964,-6.394348,2.0,2.0
0.797418,-6.643500,2.0,2.0
0.774755,-6.892460,2.0,2.0
0.763295,-7.142088,2.0,2.0
0.758649,-7.392045,2.0,2.0
0.768263,-7.641769,2.0,2.0
0.789292,-7.890866,2.0,2.0
0.811159,-8.139908,2.0,2.0
0.833008,-8.388951,2.0,2.0
0.843045,-8.638703,2.0,2.0
0.841484,-8.888639,2.0,2.0
0.825465,-9.137947,2.0,2.0
0.801656,-9.386811,2.0,2.0
0.775650,-9.635417,2.0,2.0
0.741393,-9.883057,2.0,2.0
0.713134,-10.131455,2.0,2.0
0.700494,-10.380944,2.0,2.0
0.693950,-10.630858,2.0,2.0
0.687725,-10.880767,2.0,2.0
0.703434,-11.130273,2.0,2.0
0.731825,-11.378444,2.0,2.0
0.768409,-11.625752,2.0,2.0
0.804993,-11.873061,2.0,2.0
0.857138,-12.117332,2.0,2.0
0.918315,-12.359688,2.0,2.0
0.988924,-12.599510,2.0,2.0
1.056661,-12.840148,2.0,2.0
1.122739,-13.081257,2.0,2.0
1.188816,-13.322367,2.0,2.0
1.192863,-13.301555,2.0,2.0
1.143785,-13.056420,2.0,2.0
1.094706,-12.811285,2.0,2.0
1.045628,-12.566150,2.0,2.0
0.996549,-12.321014,2.0,2.0
0.947470,-12.075879,2.0,2.0
0.898392,-11.830744,2.0,2.0
0.849313,-11.585609,2.0,2.0
0.800235,-11.340473,2.0,2.0
0.797452,-11.590092,2.0,2.0
0.804729,-11.839966,2.0,2.0
0.823070,-12.089260,2.0,2.0
0.847433,-12.338061,2.0,2.0
0.877359,-12.586260,2.0,2.0
0.907029,-12.834490,2.0,2.0
0.935411,-13.082867,2.0,2.0
0.956257,-13.331984,2.0,2.0
0.969098,-13.581609,2.0,2.0
0.976020,-13.831513,2.0,2.0
0.980216,-14.081472,2.0,2.0
0.987815,-14.331356,2.0,2.0
0.999424,-14.581024,2.0,2.0
1.026118,-14.829471,2.0,2.0
1.078192,-15.073468,2.0,2.0
1.144710,-15.314456,2.0,2.0
1.225003,-15.550921,2.0,2.0
1.313832,-15.784607,2.0,2.0
1.253195,-15.850785,2.0,2.0
1.031289,-15.735643,2.0,2.0
0.809382,-15.620501,2.0,2.0
0.821174,-15.643706,2.0,2.0
1.035068,-15.772975,2.0,2.0
1.256281,-15.889307,2.0,2.0
1.485600,-15.988680,2.0,2.0
1.718197,-16.080299,2.0,2.0
1.943516,-16.155433,2.0,2.0
1.830335,-15.932520,2.0,2.0
1.799013,-15.744929,2.0,2.0
2.027154,-15.644604,2.0,2.0
2.218670,-15.484742,2.0,2.0
2.353091,-15.275412,2.0,2.0
2.442309,-15.042148,2.0,2.0
2.509055,-14.801242,2.0,2.0
2.574660,-14.560003,2.0,2.0
2.659485,-14.325031,2.0,2.0
2.775704,-14.104314,2.0,2.0
2.909820,-13.893359,2.0,2.0
3.065235,-13.697555,2.0,2.0
3.219652,-13.501065,2.0,2.0
3.367929,-13.299784,2.0,2.0
3.501145,-13.088649,2.0,2.0
3.616429,-12.866915,2.0,2.0
3.731165,-12.644807,2.0,2.0
3.846974,-12.423248,2.0,2.0
3.976060,-12.209264,2.0,2.0
4.123157,-12.007302,2.0,2.0
4.281827,-11.814108,2.0,2.0
4.439424,-11.620262,2.0,2.0
4.587212,-11.418657,2.0,2.0
4.733260,-11.215840,2.0,2.0
4.887893,-11.019403,2.0,2.0
4.978575,-11.061047,2.0,2.0
5.016753,-11.308115,2.0,2.0
5.046925,-11.455833,2.0,2.0
5.017260,-11.208112,2.0,2.0
4.934212,-10.973232,2.0,2.0
4.803396,-10.760556,2.0,2.0
4.627075,-10.584057,2.0,2.0
4.415321,-10.452150,2.0,2.0
4.195321,-10.333970,2.0,2.0
3.971040,-10.223582,2.0,2.0
3.763410,-10.084373,2.0,2.0
3.580144,-9.915583,2.0,2.0
3.433514,-9.713149,2.0,2.0
3.291915,-9.507118,2.0,2.0
3.146808,-9.303562,2.0,2.0
3.014005,-9.092127,2.0,2.0
2.895217,-8.872151,2.0,2.0
2.810385,-8.637288,2.0,2.0
2.761763,-8.392388,2.0,2.0
2.732094,-8.144330,2.0,2.0
2.712461,-7.895104,2.0,2.0
2.689687,-7.646157,2.0,2.0
2.659959,-7.397947,2.0,2.0
2.623682,-7.150593,2.0,2.0
2.584241,-6.903741,2.0,2.0
2.541722,-6.657383,2.0,2.0
2.508676,-6.409622,2.0,2.0
2.481455,-6.161284,2.0,2.0
2.487290,-5.911579,2.0,2.0
2.524287,-5.664557,2.0,2.0
2.569707,-5.418726,2.0,2.0
2.595143,-5.170099,2.0,2.0
2.599887,-4.920878,2.0,2.0
2.565064,-4.673623,2.0,2.0
2.498654,-4.432715,2.0,2.0
2.430119,-4.192293,2.0,2.0
2.364922,-3.951005,2.0,2.0
2.317191,-3.705792,2.0,2.0
2.281178,-3.458489,2.0,2.0
2.269690,-3.208858,2.0,2.0
2.294817,-2.960482,2.0,2.0
2.373496,-2.723503,2.0,2.0
2.472577,-2.494018,2.0,2.0
2.586479,-2.271596,2.0,2.0
2.711998,-2.055390,2.0,2.0
2.855272,-1.850858,2.0,2.0
3.012987,-1.656956,2.0,2.0
3.184045,-1.474673,2.0,2.0
3.356654,-1.293861,2.0,2.0
3.526051,-1.110000,2.0,2.0
3.682858,-0.915422,2.0,2.0
3.822300,-0.707977,2.0,2.0
3.953107,-0.494930,2.0,2.0
4.092189,-0.287343,2.0,2.0
4.252254,-0.095529,2.0,2.0
4.420443,0.089412,2.0,2.0
4.582037,0.280150,2.0,2.0
4.754281,0.461316,2.0,2.0
4.916859,0.581166,2.0,2.0
4.995143,0.343739,2.0,2.0
5.070048,0.127022,2.0,2.0
5.050083,0.375787,2.0,2.0
4.972145,0.612771,2.0,2.0
4.841286,0.823042,2.0,2.0
4.666909,1.001548,2.0,2.0
4.455579,1.134373,2.0,2.0
4.231977,1.246064,2.0,2.0
4.008179,1.357318,2.0,2.0
3.794528,1.486878,2.0,2.0
3.597424,1.640487,2.0,2.0
3.427554,1.822999,2.0,2.0
3.277172,2.022704,2.0,2.0
3.129068,2.224109,2.0,2.0
2.978860,2.423953,2.0,2.0
2.825281,2.621209,2.0,2.0
2.670216,2.817305,2.0,2.0
2.516289,3.014298,2.0,2.0
2.368260,3.215687,2.0,2.0
2.231349,3.424814,2.0,2.0
2.100649,3.637928,2.0,2.0
1.963050,3.846497,2.0,2.0
1.802125,4.037215,2.0,2.0
1.632341,4.220672,2.0,2.0
1.447563,4.389055,2.0,2.0
1.274370,4.568949,2.0,2.0
1.114252,4.760717,2.0,2.0
0.963180,4.959885,2.0,2.0
0.806091,5.154366,2.0,2.0
0.950913,5.114953,2.0,2.0
1.178476,5.011440,2.0,2.0
1.406039,4.907926,2.0,2.0
1.633602,4.804413,2.0,2.0
1.861165,4.700900,2.0,2.0
1.914966,4.659069,2.0,2.0
1.673474,4.723728,2.0,2.0
1.429041,4.775806,2.0,2.0
1.182670,4.818093,2.0,2.0
0.936555,4.861813,2.0,2.0
0.691560,4.911426,2.0,2.0
0.658382,4.888113,2.0,2.0
0.877842,4.768374,2.0,2.0
0.767053,4.620476,2.0,2.0
0.626305,4.415765,2.0,2.0
0.545131,4.181247,2.0,2.0
0.541294,3.932148,2.0,2.0
0.594608,3.688131,2.0,2.0
0.663264,3.447768,2.0,2.0
0.721727,3.205127,2.0,2.0
